66,66,83,86,86,95,100,100,107,118,126,126,132,136,143,143,145,148,153,153,151,151,151,149,147,145,145,139,133,133,128,124,120,116,108,106,98,94,94,86,79,70,64,58,50,45,40,39,34,29,25,20,,,,,
42,67,85,94,94,97,100,103,107,107,114,119,124,126,134,134,137,139,140,140,138,139,137,134,134,133,130,130,128,123,115,112,107,103,96,90,81,76,65,56,47,41,35,32,30,24,,,,,,,,,,,
19,19,41,66,84,95,95,102,107,114,118,123,123,129,133,137,140,143,144,147,147,144,141,142,138,134,132,129,121,117,112,106,102,96,92,83,76,69,61,52,44,38,32,30,26,,,,,,,,,,,,
23,41,61,76,84,84,95,103,112,124,133,133,140,148,153,153,155,153,150,150,147,144,140,140,135,130,128,120,117,112,108,100,96,89,82,77,70,55,49,43,39,35,33,26,22,,,,,,,,,,,,
34,34,58,79,92,99,99,105,108,118,122,130,130,134,138,140,145,147,146,146,143,139,140,136,136,131,128,124,120,116,109,103,99,95,88,81,68,61,53,45,39,33,31,24,,,,,,,,,,,,,
27,27,50,73,91,99,99,103,109,114,120,126,126,130,133,139,142,142,146,145,142,140,139,135,135,133,128,125,121,116,111,107,103,97,95,86,79,72,64,56,47,41,37,33,29,24,,,,,,,,,,,
24,43,63,76,76,79,84,86,89,97,97,104,112,120,124,130,134,139,139,138,143,141,141,139,133,129,128,121,115,110,105,100,95,91,85,80,75,70,62,57,49,46,38,36,30,28,,,,,,,,,,,
51,71,84,92,92,100,107,113,119,124,126,126,132,132,134,139,140,140,142,138,135,135,130,125,120,119,113,108,105,103,97,95,90,88,81,74,67,59,53,48,44,38,34,30,26,,,,,,,,,,,,
38,63,84,95,104,104,109,113,115,120,124,124,127,132,128,130,127,126,124,126,121,121,120,118,117,113,112,111,106,105,103,99,97,89,84,78,73,66,60,55,49,45,40,36,32,28,22,,,,,,,,,,
61,84,96,103,103,114,122,134,144,152,152,152,155,151,149,150,146,142,136,134,129,124,116,110,107,98,90,86,81,75,72,67,61,54,50,45,41,39,37,35,32,28,22,,,,,,,,,,,,,,
21,45,45,67,82,89,92,92,97,103,110,118,124,124,129,136,140,143,146,146,143,143,136,132,127,123,123,119,116,111,106,98,94,86,83,76,73,70,65,57,50,44,34,30,26,,,,,,,,,,,,
26,46,63,80,89,98,98,105,112,117,125,129,129,133,140,145,147,150,151,151,150,148,140,137,130,121,116,107,104,98,95,89,88,81,75,70,64,59,53,47,43,37,35,29,27,,,,,,,,,,,,
20,39,63,83,94,94,102,108,110,118,123,123,129,136,141,143,145,144,142,145,142,141,141,140,140,135,135,129,122,117,112,106,102,99,87,78,72,64,58,50,46,38,33,29,27,,,,,,,,,,,,
56,77,88,95,95,99,103,110,114,118,124,124,130,134,141,143,142,143,140,138,137,132,127,123,123,119,113,111,108,104,98,95,91,88,74,68,65,55,51,45,41,37,35,31,27,,,,,,,,,,,,
26,52,52,78,98,108,111,111,116,119,127,133,142,145,145,153,153,154,155,156,154,155,153,149,148,141,135,131,126,121,115,111,103,98,89,85,78,72,64,57,53,45,43,34,32,,,,,,,,,,,,
38,62,62,82,91,97,103,103,109,117,126,132,139,145,147,147,148,150,149,147,147,143,139,138,132,127,122,117,110,106,102,97,95,88,81,75,67,64,56,50,44,39,35,31,27,,,,,,,,,,,,
22,41,41,67,87,98,107,107,112,116,126,133,140,146,151,151,150,151,147,146,144,142,138,136,131,126,121,113,108,106,102,95,91,88,83,78,72,65,61,53,49,43,39,35,29,25,,,,,,,,,,,
25,25,47,73,89,101,101,109,116,123,128,132,137,137,137,138,140,142,142,146,145,143,142,139,130,128,120,112,105,101,95,95,86,81,80,72,69,64,58,52,46,38,34,30,28,,,,,,,,,,,,
21,39,39,63,80,93,102,102,110,114,123,126,132,137,137,141,143,146,144,143,145,143,139,137,132,128,126,120,116,110,109,103,100,94,89,87,79,72,64,59,53,49,41,37,31,29,,,,,,,,,,,
48,77,77,100,108,111,111,111,109,109,113,116,122,130,130,135,140,145,147,149,152,153,153,154,149,140,136,128,122,112,108,102,100,93,88,82,77,71,65,57,49,42,36,32,29,,,,,,,,,,,,
23,46,46,78,101,117,127,127,131,139,142,147,154,158,160,163,163,159,157,156,153,146,145,140,135,130,124,115,111,103,97,88,83,77,70,62,54,50,41,37,33,27,,,,,,,,,,,,,,,
36,49,60,67,73,73,81,86,91,94,95,97,97,104,112,121,130,134,136,143,143,140,140,137,135,128,126,121,115,110,104,99,94,88,83,77,70,62,59,51,45,36,26,10,,,,,,,,,,,,,
0,76,76,88,88,97,104,104,112,112,116,115,115,122,123,123,124,125,125,126,124,124,125,127,126,126,124,123,119,119,117,116,112,112,108,106,102,96,95,95,90,85,80,74,68,68,63,56,55,53,50,43,43,35,25,13,6
58,80,93,93,103,112,121,127,127,130,135,135,134,134,135,133,131,128,122,122,117,109,103,95,89,79,71,65,65,59,55,48,40,29,22,4,,,,,,,,,,,,,,,,,,,,,
19,40,40,68,88,98,98,105,111,118,126,126,131,138,142,144,147,147,147,144,144,140,136,134,129,124,122,116,116,110,107,101,93,87,83,75,69,61,56,51,47,44,39,32,26,21,,,,,,,,,,,
48,66,80,80,85,92,98,106,113,113,123,129,132,135,134,133,136,136,134,133,132,129,125,122,119,114,109,101,97,95,93,87,82,78,69,64,55,52,46,40,35,29,27,,,,,,,,,,,,,,
27,27,50,67,80,85,85,91,96,101,106,116,116,124,129,134,133,132,133,137,139,139,141,139,136,133,128,121,117,112,107,105,100,96,90,83,76,71,66,59,55,49,45,38,34,30,28,,,,,,,,,,
46,68,84,88,89,89,92,96,101,110,115,121,121,127,129,129,130,131,132,133,132,130,129,127,127,120,119,113,109,106,100,96,90,85,79,75,68,61,53,50,44,40,32,28,22,,,,,,,,,,,,
32,51,51,69,81,91,103,103,111,119,128,134,137,142,142,145,145,145,143,140,140,137,136,135,130,124,117,110,103,99,97,94,91,85,78,75,69,64,58,52,44,38,34,30,26,,,,,,,,,,,,
40,40,63,82,90,93,93,93,95,104,112,121,121,132,139,143,148,146,145,146,144,139,138,133,127,124,120,120,115,112,108,103,98,87,82,75,72,66,59,53,47,43,35,33,27,25,,,,,,,,,,,
69,82,98,98,110,117,124,129,133,133,139,142,143,145,146,146,148,145,139,138,134,128,124,116,110,106,100,94,89,83,76,69,65,60,54,46,40,34,30,28,,,,,,,,,,,,,,,,,
54,78,92,98,103,103,106,112,116,120,127,127,129,132,138,140,143,145,148,145,144,139,131,127,121,120,115,110,102,100,96,91,84,79,72,70,63,57,49,43,39,33,31,27,,,,,,,,,,,,,
24,42,65,82,91,103,103,108,114,120,123,124,127,127,129,131,137,140,141,143,144,141,144,141,136,132,126,117,114,108,106,103,99,94,87,82,74,71,63,57,50,46,40,36,34,27,23,,,,,,,,,,
57,57,75,86,95,104,111,111,117,125,131,137,144,147,147,145,145,140,137,138,135,132,130,124,118,115,108,104,100,97,91,86,83,78,72,65,59,53,49,45,41,35,31,29,,,,,,,,,,,,,
23,45,45,71,88,98,102,104,104,110,114,119,126,133,135,135,140,140,140,141,141,139,141,138,135,130,127,119,118,109,105,99,97,92,87,82,75,71,63,59,54,50,43,39,37,31,27,,,,,,,,,,
27,53,53,76,94,103,111,115,115,117,123,129,136,143,145,146,146,149,149,147,149,146,145,144,143,136,132,129,122,119,111,107,104,99,94,89,82,74,68,62,56,43,41,34,30,23,,,,,,,,,,,
25,54,77,77,94,101,104,110,116,116,125,133,141,145,153,157,158,160,160,157,157,149,148,145,139,133,129,124,116,110,103,96,91,85,79,73,67,59,52,46,44,41,35,32,24,,,,,,,,,,,,
25,25,51,76,95,101,101,105,110,117,124,136,145,153,161,161,164,164,163,161,158,158,152,147,142,138,133,128,122,114,112,103,100,95,92,84,72,68,59,53,46,44,40,37,31,28,,,,,,,,,,,
28,55,55,77,94,105,111,117,125,125,133,140,149,155,156,162,161,160,162,162,160,160,155,152,148,145,138,135,125,119,114,107,101,96,90,81,75,68,59,48,43,36,29,24,,,,,,,,,,,,,
36,59,80,80,95,103,113,120,127,138,138,145,152,156,158,160,166,165,164,164,158,152,150,144,140,135,129,121,115,108,103,98,92,86,80,65,58,52,47,40,38,31,29,,,,,,,,,,,,,,
68,89,104,113,120,126,134,142,142,146,147,151,149,147,149,148,149,154,153,150,147,143,137,134,129,121,117,108,103,100,95,91,83,80,71,67,56,40,35,31,29,,,,,,,,,,,,,,,,
68,93,108,116,127,127,133,142,152,159,163,169,171,174,177,174,170,170,163,154,147,141,132,128,120,114,105,102,95,94,88,84,78,69,63,56,49,45,40,31,26,,,,,,,,,,,,,,,,
33,61,61,84,100,105,110,116,116,121,126,133,140,147,158,160,164,164,164,158,159,155,148,143,135,130,122,114,110,105,103,95,94,89,83,77,71,62,58,49,47,40,38,28,,,,,,,,,,,,,
62,85,98,110,118,126,126,130,137,141,145,151,154,156,158,160,159,162,159,159,155,151,144,133,126,118,112,108,98,97,90,89,83,81,73,71,62,58,51,49,45,42,35,29,22,,,,,,,,,,,,
28,28,55,81,100,112,122,122,127,135,138,141,147,153,157,162,163,159,159,158,151,146,143,141,135,134,129,126,118,112,107,102,99,96,92,84,80,72,67,59,54,47,43,38,26,,,,,,,,,,,,
25,25,49,73,92,100,108,108,115,121,134,145,155,164,164,165,165,166,165,163,165,163,157,154,149,141,136,129,121,117,111,101,93,87,81,73,69,62,56,49,45,40,33,29,,,,,,,,,,,,,
50,81,107,119,128,129,131,131,138,142,148,158,163,166,169,170,168,172,170,167,164,157,150,137,130,120,115,106,101,98,92,86,83,76,70,63,50,45,41,36,29,22,,,,,,,,,,,,,,,
37,37,65,91,105,112,119,122,122,126,135,142,147,152,154,156,159,158,158,160,158,151,148,140,132,129,123,119,113,110,103,100,93,87,83,77,71,62,58,51,45,38,33,,,,,,,,,,,,,,
38,38,70,95,109,115,117,117,121,124,130,138,145,149,155,156,155,155,155,150,147,145,141,137,133,130,123,120,112,106,101,96,86,82,76,73,64,58,54,48,45,39,37,30,26,,,,,,,,,,,,
52,78,97,106,112,112,117,124,132,142,147,149,153,154,154,156,158,158,157,158,153,150,147,143,137,132,126,119,116,110,103,94,93,88,82,73,69,58,51,42,40,33,29,,,,,,,,,,,,,,
29,60,60,85,101,110,115,123,123,128,134,140,144,145,149,151,154,158,154,152,150,145,136,133,125,117,111,107,101,100,97,94,89,83,79,73,67,61,57,52,46,41,35,33,26,,,,,,,,,,,,
88,101,110,117,120,125,125,130,135,138,146,151,155,159,154,154,153,150,140,138,129,124,121,115,107,103,100,98,93,89,82,78,70,64,58,52,45,39,32,28,,,,,,,,,,,,,,,,,
31,58,82,82,94,106,110,114,119,119,126,133,139,142,146,150,152,149,151,150,148,147,140,136,128,122,116,112,106,102,99,96,89,83,78,70,68,60,56,49,45,39,34,28,25,,,,,,,,,,,,
28,51,51,74,89,97,103,111,111,120,127,130,137,140,144,148,151,149,151,151,151,151,148,145,140,136,131,124,119,102,97,92,85,82,74,68,60,53,47,43,41,36,32,28,,,,,,,,,,,,,
63,76,87,87,94,99,104,108,113,120,120,128,132,137,140,143,146,149,147,148,142,135,131,122,118,113,111,103,99,93,88,84,79,76,68,64,58,52,48,42,42,36,34,27,25,,,,,,,,,,,,
42,69,69,89,103,111,118,126,126,135,141,148,150,150,149,147,142,142,139,135,131,127,127,123,120,115,111,108,105,99,92,87,81,74,68,62,58,50,46,40,38,32,29,,,,,,,,,,,,,,
21,41,41,68,88,98,107,111,111,115,122,127,132,137,139,139,139,139,137,134,139,138,134,132,128,121,115,111,106,104,100,97,93,88,85,80,72,67,65,59,53,47,43,39,33,29,25,,,,,,,,,,
22,44,44,65,82,89,97,103,103,109,115,123,130,136,144,149,149,154,159,157,155,151,149,145,144,140,131,126,119,111,109,103,98,91,86,81,75,67,63,57,51,45,40,38,34,32,25,,,,,,,,,,
69,69,91,104,108,111,114,114,117,121,126,128,131,136,138,142,145,145,148,146,148,144,139,137,131,124,117,111,103,99,92,87,84,77,71,65,61,55,49,43,38,34,32,28,,,,,,,,,,,,,
46,67,87,101,110,110,120,127,133,140,143,146,146,151,152,152,154,152,150,146,143,139,135,131,125,121,112,104,100,95,90,87,82,76,69,63,57,50,44,38,34,32,29,,,,,,,,,,,,,,
72,91,103,112,119,119,125,135,140,146,152,155,156,159,159,158,156,157,157,153,153,148,141,136,130,122,115,108,102,99,92,81,75,69,63,54,48,41,39,32,28,,,,,,,,,,,,,,,,
24,24,48,77,98,108,108,116,122,129,140,145,150,154,154,155,153,158,157,155,154,149,146,141,137,127,124,115,105,99,96,95,92,87,83,80,78,73,71,56,48,48,39,35,28,26,,,,,,,,,,,
59,80,97,106,114,118,118,124,133,141,148,154,154,155,155,153,148,147,147,141,135,133,129,122,121,119,113,107,102,97,92,87,81,73,69,63,56,50,46,41,37,35,28,24,,,,,,,,,,,,,
28,28,55,78,93,99,106,109,109,119,125,133,139,143,144,148,150,150,150,148,145,140,141,137,133,129,122,115,109,105,101,98,95,90,89,82,79,73,67,60,54,48,43,39,37,32,26,,,,,,,,,,
28,28,53,78,91,102,106,106,110,119,129,137,146,151,153,153,158,160,159,161,158,156,152,147,140,137,131,126,120,114,110,105,100,93,92,83,77,70,62,55,51,47,42,38,33,31,,,,,,,,,,,
30,30,57,84,106,114,123,123,126,131,137,143,145,153,155,155,159,158,156,157,157,156,150,147,136,133,126,122,114,109,102,101,95,88,82,73,67,60,54,49,42,40,33,,,,,,,,,,,,,,
21,21,40,68,88,100,100,111,119,126,136,144,150,157,161,164,164,168,166,163,165,162,154,151,145,139,133,127,119,113,106,94,84,78,72,66,59,53,46,42,35,30,24,,,,,,,,,,,,,,
40,64,84,96,104,104,110,115,124,133,140,151,151,154,155,157,155,152,152,150,146,143,139,130,127,120,117,111,107,100,97,90,85,81,76,70,66,58,54,43,36,34,28,23,,,,,,,,,,,,,
45,71,71,95,107,118,122,125,127,132,132,134,138,144,148,147,153,148,148,145,144,139,135,130,124,120,115,109,104,97,94,91,86,82,79,75,65,61,52,50,41,37,32,,,,,,,,,,,,,,
52,73,86,94,107,116,126,126,138,146,153,158,158,161,163,161,158,156,153,145,143,135,127,124,114,108,101,96,91,84,80,79,73,69,60,58,50,46,41,37,32,28,,,,,,,,,,,,,,,
56,56,81,91,101,108,114,114,123,134,144,152,157,162,162,167,165,166,165,163,152,149,141,137,134,127,119,112,108,103,96,90,82,81,72,66,57,53,51,46,44,40,28,,,,,,,,,,,,,,
44,44,72,93,105,113,117,122,122,130,137,145,155,161,162,166,169,168,168,167,161,158,147,143,134,131,121,117,108,100,99,94,93,87,83,74,73,59,52,48,43,36,31,27,,,,,,,,,,,,,
27,27,56,78,95,104,113,113,120,129,138,150,156,161,164,168,166,166,170,168,165,161,153,148,140,133,124,114,108,101,97,90,84,76,70,66,59,53,49,44,40,35,28,26,,,,,,,,,,,,,
86,97,105,112,121,132,132,141,154,159,162,168,172,173,173,174,168,166,156,149,141,135,127,122,115,106,104,98,93,89,84,78,71,65,51,42,40,33,31,,,,,,,,,,,,,,,,,,
51,77,96,108,116,121,125,125,135,140,146,154,158,162,169,170,167,167,160,154,149,144,135,130,125,117,113,108,103,100,95,91,83,77,71,67,60,54,52,45,33,31,,,,,,,,,,,,,,,
25,51,51,77,97,108,114,120,120,123,128,137,144,148,155,158,161,161,160,156,157,153,148,144,136,129,125,117,111,106,103,96,90,85,83,75,71,62,58,49,42,40,33,26,,,,,,,,,,,,,
24,49,75,75,95,105,110,113,117,117,124,131,135,143,145,148,153,153,151,154,152,149,144,140,132,129,124,116,112,108,103,98,91,89,84,80,70,68,57,55,44,44,35,26,,,,,,,,,,,,,
36,62,82,92,102,108,108,113,122,128,134,141,146,149,157,157,159,158,160,160,156,152,147,142,139,131,125,120,116,107,104,94,86,80,72,68,62,57,53,51,47,42,38,35,31,24,,,,,,,,,,,
40,62,79,79,90,95,101,107,115,115,120,129,134,136,142,145,148,152,155,155,155,152,144,140,130,125,118,114,108,101,90,83,75,69,61,57,51,47,42,40,34,32,27,,,,,,,,,,,,,,
48,71,71,90,97,101,106,111,111,119,130,138,143,151,153,155,158,160,160,157,155,148,142,136,132,126,121,113,105,99,92,85,74,70,64,61,55,50,46,42,38,32,29,,,,,,,,,,,,,,
37,58,58,78,89,100,110,120,120,127,137,142,149,154,158,157,159,153,149,149,148,144,139,135,131,125,120,114,106,102,91,87,80,79,73,69,59,55,49,44,38,34,32,27,,,,,,,,,,,,,
75,98,116,127,134,140,140,141,142,143,143,145,148,151,151,151,148,146,148,145,139,136,132,127,121,115,106,104,97,93,88,84,78,74,68,62,58,51,47,37,31,28,,,,,,,,,,,,,,,
39,39,66,87,101,115,120,120,126,133,137,140,146,152,154,162,166,167,167,164,164,159,152,145,130,122,117,112,106,98,98,92,91,83,81,73,69,62,54,51,42,40,35,29,,,,,,,,,,,,,
30,54,80,95,107,117,127,127,136,146,149,153,160,161,161,161,162,157,160,152,149,142,140,131,128,120,112,107,100,97,94,91,87,81,77,71,67,58,51,47,40,29,26,,,,,,,,,,,,,,
29,52,52,72,86,95,105,112,119,119,130,138,147,156,161,163,168,167,164,163,159,151,148,143,134,128,120,114,108,103,98,97,90,84,78,70,63,59,55,51,46,44,42,31,26,,,,,,,,,,,,
40,72,98,98,115,126,134,136,141,145,148,148,157,160,164,167,172,170,174,171,165,161,155,147,145,135,130,121,116,107,94,90,82,78,66,64,55,53,46,41,36,29,27,,,,,,,,,,,,,,
50,50,73,89,102,112,124,131,131,137,147,152,156,160,161,161,163,160,156,152,147,138,132,127,118,110,102,97,96,89,86,82,79,73,69,63,56,48,43,39,32,26,,,,,,,,,,,,,,,
32,62,62,90,108,121,126,130,130,136,142,146,151,156,157,164,164,163,164,160,157,152,149,141,139,130,123,115,110,106,105,100,92,87,81,75,66,60,53,51,44,40,31,28,,,,,,,,,,,,,
29,55,81,99,110,121,121,130,138,147,151,154,159,162,164,170,169,165,167,159,153,147,145,137,132,124,118,109,104,97,93,85,82,78,71,60,56,49,45,36,29,,,,,,,,,,,,,,,,
35,62,62,90,105,114,121,128,134,134,145,151,158,165,165,165,163,160,153,154,150,145,144,136,130,124,118,110,103,100,97,94,86,80,72,66,59,46,39,40,35,30,26,,,,,,,,,,,,,,
44,69,69,93,106,116,122,127,133,133,141,146,150,155,155,154,154,149,147,146,145,138,137,131,126,123,119,114,109,102,98,90,87,81,75,69,61,57,50,46,41,37,26,,,,,,,,,,,,,,
75,94,101,110,114,114,120,130,139,145,155,159,162,165,165,159,159,161,157,155,151,147,140,135,128,123,112,108,103,100,92,89,81,75,71,64,58,49,44,40,38,31,29,,,,,,,,,,,,,,
47,70,86,96,104,104,111,116,125,131,139,149,152,156,156,158,161,157,160,155,149,146,142,136,132,125,119,113,109,100,97,92,89,75,69,65,57,52,46,41,35,30,28,,,,,,,,,,,,,,
74,87,95,102,108,108,117,127,136,144,149,151,156,160,160,165,162,162,163,157,155,146,142,134,127,122,110,105,100,95,92,86,80,76,70,64,60,55,49,44,40,38,33,31,,,,,,,,,,,,,
49,78,100,112,118,118,124,130,137,148,153,155,158,155,154,154,152,146,145,145,137,133,128,122,118,116,110,110,107,106,101,96,92,86,80,74,72,66,59,52,48,38,31,29,,,,,,,,,,,,,
42,66,66,84,98,109,117,128,133,133,140,147,152,152,156,155,153,153,154,154,156,151,146,141,137,127,124,113,109,102,96,89,83,77,71,66,53,47,42,38,35,31,28,,,,,,,,,,,,,,
61,61,76,91,98,107,117,117,126,135,145,152,153,159,159,162,162,161,156,155,150,149,145,136,129,122,112,103,100,99,96,93,87,79,73,66,60,53,47,40,35,26,,,,,,,,,,,,,,,
51,77,100,100,109,114,120,124,132,141,141,147,151,156,156,157,156,152,150,151,148,145,144,140,135,130,125,117,110,105,98,92,85,79,75,62,53,49,40,35,33,28,,,,,,,,,,,,,,,
22,44,44,69,88,99,105,111,111,115,125,131,139,150,158,161,165,166,166,168,167,161,159,150,142,136,130,121,117,110,105,100,93,87,79,73,64,60,51,49,42,37,31,,,,,,,,,,,,,,
21,21,43,72,92,106,110,110,113,117,126,136,142,151,153,154,157,157,158,155,156,154,150,143,137,129,128,118,114,108,106,101,97,94,90,82,76,68,62,55,48,44,37,35,28,26,,,,,,,,,,,
37,64,85,85,100,108,113,122,129,137,137,145,151,156,162,161,158,155,149,145,142,140,136,137,133,130,128,123,118,114,112,105,99,92,86,77,71,65,54,47,45,38,33,26,,,,,,,,,,,,,
33,59,59,84,97,105,110,116,121,121,129,135,142,151,156,161,167,166,162,164,159,153,149,146,138,135,127,119,113,106,104,94,91,83,79,71,62,53,44,37,31,26,,,,,,,,,,,,,,,
40,40,68,90,102,112,118,118,125,132,140,143,153,156,158,162,165,164,164,163,159,158,151,143,137,130,122,116,112,103,100,92,91,85,79,71,67,60,53,47,42,35,31,,,,,,,,,,,,,,
73,96,108,115,123,127,127,132,138,143,148,152,155,155,159,156,154,153,151,144,144,138,134,128,125,117,113,106,101,96,90,85,79,70,64,60,55,49,44,40,31,26,,,,,,,,,,,,,,,
28,28,54,80,97,106,106,111,116,122,128,134,140,145,148,148,152,155,153,156,153,151,150,147,142,136,131,122,119,111,104,100,95,92,86,81,73,69,56,52,45,43,37,35,28,26,,,,,,,,,,,
32,32,58,76,91,99,105,105,115,124,135,146,151,155,157,157,157,155,157,154,152,147,146,139,139,131,128,125,120,112,108,105,101,96,88,83,71,62,58,52,48,43,39,35,30,26,,,,,,,,,,,
22,45,45,70,91,102,110,116,120,120,124,130,135,140,144,144,146,149,149,152,152,155,154,152,151,145,136,131,124,116,108,103,94,91,83,79,73,72,65,59,53,46,42,35,33,26,,,,,,,,,,,
26,56,56,81,99,108,113,121,121,131,142,155,164,167,170,167,165,163,158,153,151,146,141,136,132,123,121,115,111,102,100,92,89,79,78,69,65,57,52,48,42,37,33,28,,,,,,,,,,,,,
24,47,72,87,94,94,100,104,114,126,138,145,145,152,156,155,156,151,148,149,148,144,143,137,132,129,124,119,113,109,104,102,95,87,82,74,68,60,53,47,41,39,32,,,,,,,,,,,,,,
21,48,48,75,92,102,105,109,109,116,125,135,143,150,153,161,162,165,165,166,162,157,155,152,146,144,138,131,122,114,107,96,90,87,83,75,69,65,61,57,48,46,37,33,26,,,,,,,,,,,,
26,26,51,78,97,106,111,111,118,128,137,143,148,152,156,162,165,165,163,164,159,157,154,153,144,142,135,130,125,112,105,100,97,94,86,77,69,62,53,47,42,35,31,26,,,,,,,,,,,,,
35,62,62,92,108,117,123,127,127,130,136,141,144,151,154,154,158,157,157,157,155,155,149,147,140,135,127,120,115,109,106,99,96,88,85,77,68,62,53,46,42,35,33,26,,,,,,,,,,,,,
43,43,73,97,111,120,128,136,136,143,147,155,155,157,161,163,164,165,164,162,166,162,155,148,139,130,123,115,108,101,98,95,93,88,79,73,67,60,56,49,47,40,31,26,,,,,,,,,,,,,
28,56,84,84,104,111,120,124,133,142,142,150,155,163,168,168,171,170,168,166,163,156,157,151,145,140,135,127,121,114,107,101,96,90,84,66,59,50,43,38,31,27,,,,,,,,,,,,,,,
29,55,55,80,93,101,106,114,114,125,136,144,152,157,161,168,175,173,176,173,169,163,157,149,145,137,131,125,119,110,107,102,99,91,85,79,72,66,59,55,41,36,34,29,,,,,,,,,,,,,
24,24,50,77,97,109,117,117,125,132,138,141,149,152,155,163,165,170,170,169,169,162,158,146,143,136,131,125,121,112,107,104,97,93,87,81,77,66,64,55,53,43,39,36,31,29,,,,,,,,,,,
33,59,81,81,98,104,111,115,119,130,130,138,146,153,156,157,162,161,160,165,163,161,154,151,139,134,124,118,110,103,98,94,91,83,82,75,71,58,56,49,47,38,36,26,24,,,,,,,,,,,,
34,34,57,81,95,105,113,113,120,126,136,144,152,162,168,170,172,172,165,161,159,156,152,150,145,138,133,120,116,109,106,101,96,92,89,80,74,65,61,54,52,45,41,34,,,,,,,,,,,,,
36,63,85,85,97,107,116,121,131,139,139,147,158,166,174,182,184,182,180,172,163,156,149,141,138,133,123,117,110,109,106,103,98,91,84,78,69,65,58,53,44,41,34,29,,,,,,,,,,,,,
42,68,68,90,102,113,123,132,137,147,147,150,154,162,165,169,170,170,167,171,170,170,169,166,155,149,141,130,124,107,101,92,88,82,73,63,56,49,44,39,30,,,,,,,,,,,,,,,,
40,66,66,93,108,119,126,133,137,137,145,151,158,168,174,176,181,175,169,167,161,156,152,146,141,134,132,124,121,117,111,108,97,95,89,80,73,66,62,52,47,40,37,27,,,,,,,,,,,,,
32,61,61,94,115,128,140,149,157,166,166,172,172,177,174,171,171,168,160,156,154,150,147,143,137,136,127,116,110,102,101,95,91,87,81,74,64,57,52,40,35,30,,,,,,,,,,,,,,,
37,37,65,88,103,110,119,126,134,134,145,151,159,166,170,171,175,169,166,164,163,152,150,144,136,127,120,113,111,101,100,94,82,78,71,65,55,51,44,39,32,29,,,,,,,,,,,,,,,
26,55,82,82,103,114,121,129,135,144,151,151,156,160,166,167,165,172,171,171,169,166,159,156,147,140,134,128,119,112,106,100,97,93,89,80,73,64,57,49,42,30,,,,,,,,,,,,,,,
100,114,120,127,130,130,136,145,151,154,159,162,162,166,164,164,164,163,160,160,152,143,138,132,123,116,109,106,100,88,86,77,75,66,64,54,52,42,40,35,,,,,,,,,,,,,,,,,
29,29,55,86,109,119,128,132,139,139,148,155,159,167,170,170,172,173,172,173,173,169,167,162,153,144,134,125,118,110,97,88,82,77,75,71,66,57,50,42,40,35,,,,,,,,,,,,,,,
22,41,66,66,86,97,108,115,122,132,140,140,148,159,166,167,173,173,170,171,169,163,162,155,149,140,134,126,120,111,103,98,90,84,78,71,67,60,53,48,41,37,32,29,,,,,,,,,,,,,
34,64,64,86,98,106,110,118,127,127,137,150,157,163,168,171,171,172,168,164,160,155,148,144,137,129,123,117,110,105,100,97,95,90,86,78,71,64,55,51,46,44,41,36,32,27,,,,,,,,,,,
48,77,77,101,114,121,127,132,140,142,142,152,155,160,165,168,168,169,167,163,163,157,150,147,142,135,127,118,113,103,97,93,87,81,74,70,63,56,49,44,39,29,,,,,,,,,,,,,,,
40,40,65,89,102,111,120,120,124,130,141,147,153,158,161,161,165,166,162,162,158,153,151,147,141,131,125,117,115,105,102,97,93,87,83,80,71,66,55,50,43,41,34,31,,,,,,,,,,,,,
25,54,81,98,107,114,119,119,131,140,150,158,167,167,175,175,175,173,171,170,169,163,155,149,142,133,129,120,115,108,105,99,96,92,86,73,68,59,54,47,44,39,35,32,,,,,,,,,,,,,
42,42,70,93,108,122,130,136,144,144,150,153,158,159,159,166,168,169,171,172,168,165,160,152,147,137,129,124,117,110,99,95,91,87,83,74,69,60,52,45,40,30,,,,,,,,,,,,,,,
52,71,71,87,98,107,121,132,142,142,152,159,162,164,167,168,172,171,168,166,159,154,150,146,136,135,127,123,116,111,99,94,87,83,74,68,61,54,49,44,42,37,27,,,,,,,,,,,,,,
48,75,75,97,111,119,127,132,140,140,151,159,165,175,179,184,186,189,185,186,179,172,165,157,145,142,131,125,110,104,100,94,90,86,82,75,68,63,51,46,38,35,28,,,,,,,,,,,,,,
23,50,74,95,109,119,124,124,134,146,158,171,179,185,192,193,192,190,184,177,172,163,155,148,141,132,126,121,111,105,101,95,88,79,74,67,60,55,45,43,35,28,,,,,,,,,,,,,,,
44,44,66,88,101,113,126,136,136,143,152,154,158,167,170,174,174,173,166,168,159,156,150,150,139,137,129,127,121,120,113,110,95,92,83,76,64,57,52,45,40,30,27,,,,,,,,,,,,,,
82,82,100,112,118,127,137,148,155,155,164,170,170,173,171,170,174,174,174,172,171,162,160,151,146,138,120,112,106,98,92,85,79,77,67,60,53,40,33,28,,,,,,,,,,,,,,,,,
64,64,87,103,113,124,133,141,152,152,159,166,170,170,172,173,170,165,166,162,154,151,148,139,135,127,121,116,105,100,91,85,81,74,70,61,56,46,44,34,,,,,,,,,,,,,,,,,
44,44,66,89,103,112,126,132,132,144,154,162,170,176,180,180,184,182,178,178,175,167,163,155,149,139,133,127,124,115,109,104,94,87,81,69,64,55,47,40,32,32,,,,,,,,,,,,,,,
30,56,56,78,97,109,120,132,142,142,153,166,174,179,183,183,181,181,177,172,171,169,163,157,151,141,138,127,120,105,99,95,89,80,73,66,64,57,49,40,37,27,,,,,,,,,,,,,,,
25,48,76,76,99,114,121,129,134,140,140,147,150,154,161,166,169,176,179,180,180,176,172,169,163,152,147,137,133,119,109,103,97,85,81,69,64,55,50,45,37,35,30,,,,,,,,,,,,,,
60,90,110,126,132,139,139,146,154,155,160,163,165,168,168,165,167,167,164,163,157,151,146,139,131,124,117,114,106,92,88,82,73,68,59,54,47,42,40,32,30,,,,,,,,,,,,,,,,
39,63,63,84,98,109,118,125,132,132,138,144,147,154,156,158,168,172,172,175,171,169,166,163,157,154,145,137,129,122,115,109,104,87,75,68,59,52,44,39,32,32,,,,,,,,,,,,,,,
85,103,114,122,122,127,137,144,151,161,166,169,175,179,178,181,178,171,163,153,143,138,128,120,115,108,105,100,99,90,89,80,67,63,53,48,41,37,32,27,,,,,,,,,,,,,,,,,
55,85,104,114,120,120,122,130,138,148,159,164,169,173,177,175,174,171,167,165,158,150,148,143,139,134,125,118,113,110,102,99,93,86,80,66,61,54,52,45,40,35,30,,,,,,,,,,,,,,
40,40,62,80,90,99,110,110,118,128,139,148,154,163,167,173,178,182,180,185,178,175,168,161,152,143,133,123,116,111,105,102,96,90,86,70,63,59,54,52,44,40,35,30,,,,,,,,,,,,,
43,67,67,92,105,117,126,134,143,153,153,160,163,169,174,175,180,180,177,177,174,169,166,158,147,142,131,125,118,102,97,90,84,77,68,64,56,52,47,44,35,30,,,,,,,,,,,,,,,
28,28,54,76,92,106,113,113,121,131,140,148,156,163,166,174,174,170,171,168,159,154,147,140,134,130,126,120,116,107,106,101,97,94,88,82,80,71,67,55,46,44,36,34,29,,,,,,,,,,,,
66,87,97,105,114,124,124,135,150,158,163,166,167,165,167,166,163,164,160,157,152,146,137,132,124,117,108,103,94,90,82,73,67,60,58,45,43,40,36,31,26,,,,,,,,,,,,,,,,
60,82,99,111,119,126,126,136,144,150,158,165,167,170,170,171,170,165,158,158,151,146,139,134,128,120,116,107,106,101,97,94,88,79,70,66,52,43,38,34,31,,,,,,,,,,,,,,,,
59,79,79,102,112,123,130,132,139,139,144,147,156,159,163,167,163,158,154,150,141,139,135,130,127,119,113,108,104,99,95,86,82,74,72,61,59,48,44,37,35,28,24,,,,,,,,,,,,,,
64,79,88,97,97,105,116,127,140,157,167,175,175,182,187,183,186,181,172,165,155,146,136,127,117,111,104,99,94,89,80,71,65,57,52,46,44,39,35,30,26,,,,,,,,,,,,,,,,
36,58,58,73,86,96,107,118,118,129,138,149,157,163,172,175,173,174,172,168,165,165,159,151,146,127,124,120,114,107,102,95,87,79,71,67,57,50,44,39,35,30,28,,,,,,,,,,,,,,
87,103,115,126,132,140,140,146,151,154,159,156,156,153,153,150,149,144,137,135,125,118,115,107,102,96,95,90,87,83,78,76,72,68,64,58,56,50,45,41,34,21,,,,,,,,,,,,,,,
72,95,106,116,123,123,130,135,140,145,149,155,159,158,157,152,152,145,141,132,126,123,118,113,111,105,100,94,83,78,72,67,63,57,55,51,49,44,40,36,32,27,,,,,,,,,,,,,,,
33,58,58,79,96,102,109,118,118,123,129,135,140,141,147,149,152,154,154,149,149,146,140,133,127,122,117,111,104,101,99,89,84,80,72,69,59,55,48,44,38,34,31,29,,,,,,,,,,,,,
52,78,97,109,115,119,119,122,125,128,136,139,144,148,151,148,148,149,147,143,144,137,130,125,118,111,107,105,98,94,89,87,72,64,61,52,44,38,31,27,,,,,,,,,,,,,,,,,
56,56,76,93,104,111,112,112,117,120,126,136,145,152,161,158,154,154,151,146,137,132,125,117,113,110,104,102,100,97,94,87,84,79,73,68,56,50,46,40,35,29,27,,,,,,,,,,,,,,
32,54,73,82,90,90,95,103,112,122,129,138,138,141,142,144,146,144,150,150,151,153,150,144,140,135,128,123,118,112,106,99,94,89,83,76,68,61,53,49,40,36,32,30,,,,,,,,,,,,,
25,48,72,72,94,106,114,123,132,132,139,146,148,150,152,153,152,155,155,154,155,147,142,134,130,121,116,108,101,96,91,88,85,82,74,72,64,60,54,49,45,39,32,30,,,,,,,,,,,,,
29,29,51,70,89,98,109,109,118,128,135,142,144,145,150,153,153,156,158,159,158,159,154,147,140,132,121,116,110,106,103,96,93,88,84,70,62,56,47,41,39,32,30,,,,,,,,,,,,,,
39,65,90,103,115,119,122,122,129,133,138,148,154,160,162,163,159,160,156,150,147,142,137,135,130,124,119,112,106,101,98,92,89,81,72,64,60,53,49,42,35,33,26,,,,,,,,,,,,,,
54,74,74,94,104,113,117,125,133,133,138,146,150,154,160,164,163,164,159,155,149,147,138,135,128,122,117,108,101,96,91,85,82,78,70,63,55,50,44,35,35,28,24,,,,,,,,,,,,,,
33,56,56,76,91,106,118,127,127,139,142,146,149,152,152,159,159,158,157,156,149,142,134,126,123,116,108,103,96,94,88,85,82,80,74,68,60,54,45,41,36,32,28,,,,,,,,,,,,,,
27,54,76,97,107,115,115,123,132,140,149,157,162,169,173,174,176,172,168,166,160,154,148,142,137,132,124,117,110,105,98,94,91,85,79,70,63,57,52,48,34,31,,,,,,,,,,,,,,,
35,35,62,85,102,111,119,124,124,133,141,151,158,165,175,179,181,181,178,170,168,160,150,146,137,134,128,119,114,109,104,98,93,91,80,69,67,60,56,49,41,34,34,,,,,,,,,,,,,,
23,43,43,68,84,95,104,115,123,123,137,144,151,159,163,166,170,171,165,165,161,157,153,150,143,140,135,127,121,114,109,104,98,88,86,73,67,60,53,46,41,36,31,27,,,,,,,,,,,,,
24,50,73,94,106,114,114,122,130,139,146,154,157,164,165,168,169,167,162,163,153,146,139,136,129,125,117,110,101,100,92,90,85,78,72,61,56,47,36,31,26,,,,,,,,,,,,,,,,
50,72,94,104,113,124,124,132,140,149,154,156,160,160,159,159,157,155,158,155,150,148,142,139,131,128,119,115,105,100,95,89,83,76,70,63,59,45,38,33,31,,,,,,,,,,,,,,,,
49,49,77,94,111,119,126,133,133,137,142,148,154,158,168,169,166,163,160,156,154,149,143,137,131,124,118,109,102,99,93,87,81,75,69,58,51,45,42,36,31,29,,,,,,,,,,,,,,,
62,85,100,108,112,112,116,121,126,136,140,146,151,154,155,156,156,153,151,152,147,141,139,137,130,126,116,108,103,91,90,82,78,70,61,55,48,44,39,33,28,,,,,,,,,,,,,,,,
68,68,92,115,125,132,138,139,144,144,148,153,153,156,155,156,156,155,153,152,145,137,133,128,118,110,103,96,93,88,85,81,77,71,67,59,55,41,35,28,26,,,,,,,,,,,,,,,,
28,52,52,77,94,106,113,117,120,120,127,135,142,150,155,155,160,157,154,152,147,142,139,131,124,121,115,107,102,98,95,91,86,83,77,69,60,54,47,41,37,32,28,,,,,,,,,,,,,,
28,28,54,78,99,110,116,116,119,123,127,129,135,141,144,153,153,153,152,152,148,142,139,132,126,119,116,108,104,100,95,92,85,82,76,70,65,55,48,42,38,34,29,25,,,,,,,,,,,,,
33,33,55,77,94,103,112,115,115,119,127,135,142,146,150,147,152,148,148,147,146,144,135,132,124,117,114,108,100,93,89,88,82,77,66,58,54,46,44,39,37,33,31,29,,,,,,,,,,,,,
34,34,57,78,91,97,97,101,103,108,116,125,131,140,140,141,141,143,139,139,139,137,132,132,130,124,119,114,108,104,98,93,91,84,80,77,73,70,64,58,52,48,44,38,33,29,23,,,,,,,,,,
59,78,88,97,97,106,114,121,129,133,139,147,150,150,154,155,152,147,145,142,132,128,120,113,107,100,95,91,86,83,80,76,71,67,61,58,52,48,46,41,31,31,,,,,,,,,,,,,,,
28,28,50,73,87,97,104,104,109,120,132,143,159,163,164,164,165,160,158,158,153,144,136,130,120,115,110,102,100,95,92,88,84,81,78,72,66,65,56,50,44,38,36,29,27,,,,,,,,,,,,
29,54,54,74,90,98,107,113,113,125,134,142,152,156,159,163,163,160,160,160,154,148,142,136,128,126,117,111,103,100,92,85,80,74,69,67,61,55,51,47,44,38,34,29,23,,,,,,,,,,,,
42,66,66,87,101,109,115,120,125,125,134,141,147,153,156,156,157,154,147,148,142,137,131,126,121,118,110,104,99,97,92,89,83,80,74,70,62,58,49,43,39,34,32,28,,,,,,,,,,,,,
28,56,56,81,95,101,108,114,114,121,132,137,141,146,151,154,161,160,157,158,154,150,144,142,134,129,122,116,110,103,98,95,87,79,73,69,63,59,53,50,44,42,35,33,28,,,,,,,,,,,,
59,73,80,88,95,103,103,112,120,127,131,137,140,142,145,146,144,145,145,144,140,140,133,124,121,112,97,92,85,80,74,68,62,59,55,51,46,44,42,38,34,32,27,,,,,,,,,,,,,,
50,71,71,90,100,107,117,123,123,131,139,148,151,155,153,152,150,145,141,138,136,131,132,127,122,117,111,103,96,91,86,85,79,75,70,64,57,51,45,38,34,30,25,,,,,,,,,,,,,,
32,55,79,79,94,99,105,108,113,113,123,129,134,142,146,147,149,149,149,152,149,147,145,140,134,127,122,113,111,102,97,94,89,84,78,74,71,67,60,56,52,48,41,37,32,28,,,,,,,,,,,
30,53,53,75,89,99,107,112,112,122,129,132,139,142,148,156,162,163,164,159,153,153,151,144,134,119,113,107,102,98,95,87,80,74,68,60,51,47,43,38,34,30,25,,,,,,,,,,,,,,
62,86,100,112,122,122,129,134,142,146,152,157,163,162,166,166,162,159,156,152,143,141,131,124,117,113,104,92,87,84,76,72,71,67,60,56,52,50,46,41,37,32,26,,,,,,,,,,,,,,
29,29,53,79,96,106,115,118,118,121,131,136,144,151,154,153,157,154,149,145,142,138,138,136,132,122,118,112,106,101,94,93,86,83,77,71,65,58,52,45,41,35,32,28,,,,,,,,,,,,,
21,21,40,61,78,86,97,97,105,113,120,124,126,131,133,133,136,141,145,145,148,147,146,147,140,134,128,125,118,114,106,102,97,94,85,79,71,67,63,57,51,40,38,32,30,,,,,,,,,,,,
33,54,54,77,95,106,116,121,121,126,134,141,147,155,156,157,158,155,152,149,147,138,136,132,125,122,114,110,106,101,98,93,90,82,77,71,65,58,52,48,43,37,34,30,26,,,,,,,,,,,,
63,79,90,99,104,104,110,117,120,127,132,139,147,152,152,152,153,151,149,147,142,137,134,128,120,112,106,96,95,86,85,80,74,66,60,56,44,40,36,31,25,,,,,,,,,,,,,,,,
26,49,49,75,93,105,112,119,119,128,133,140,146,151,151,151,150,146,143,143,139,136,136,131,128,124,117,109,103,95,86,83,82,79,70,66,62,56,50,44,40,36,29,25,,,,,,,,,,,,,
25,25,43,71,92,101,108,108,113,122,136,147,152,156,156,156,155,157,154,151,151,151,143,141,134,131,125,120,110,106,97,92,85,82,79,75,69,63,53,47,40,34,32,27,,,,,,,,,,,,,
21,40,65,84,96,103,103,109,117,124,131,139,146,146,150,155,156,156,157,152,145,143,138,134,130,125,120,116,111,104,102,99,94,89,83,78,72,66,58,54,45,34,32,28,,,,,,,,,,,,,
41,41,64,84,93,99,105,105,112,119,130,134,139,146,148,148,150,151,150,145,144,140,137,133,131,125,120,114,107,102,98,91,90,85,82,74,68,63,59,50,46,42,36,29,27,,,,,,,,,,,,
22,22,42,65,81,89,89,94,98,103,116,125,135,135,143,147,147,151,151,152,152,149,143,140,133,126,121,115,109,104,97,91,88,81,80,72,71,63,59,51,45,41,37,33,29,27,,,,,,,,,,,
32,54,79,97,109,118,118,127,133,142,145,148,155,158,158,159,163,164,160,160,157,149,142,135,126,121,112,110,101,96,89,88,81,73,67,59,53,45,38,36,32,30,,,,,,,,,,,,,,,
54,82,100,112,121,126,126,130,137,141,145,154,156,157,161,159,157,154,154,151,141,140,134,125,120,110,106,99,94,87,81,78,74,66,60,54,49,45,39,36,30,28,,,,,,,,,,,,,,,
57,79,94,98,105,105,111,125,134,143,153,160,160,163,158,158,155,155,152,144,139,135,129,123,117,108,101,95,92,85,80,74,65,61,57,55,48,42,36,34,32,29,,,,,,,,,,,,,,,
64,64,88,97,105,112,121,121,127,135,139,141,147,147,151,152,149,144,143,136,131,126,122,115,107,101,95,92,87,82,79,75,70,66,58,54,48,44,40,38,36,29,29,,,,,,,,,,,,,,
26,52,52,78,94,105,111,117,126,126,132,137,145,147,147,148,149,145,144,140,137,133,128,125,122,117,111,109,105,99,98,93,88,80,75,69,65,59,53,44,40,36,34,30,25,,,,,,,,,,,,
27,51,51,71,88,95,103,110,110,119,125,132,138,141,145,148,150,151,148,146,146,143,138,133,129,124,117,116,108,104,101,91,86,81,73,67,59,55,49,42,38,34,32,25,,,,,,,,,,,,,
59,59,74,88,100,110,120,120,127,132,139,143,148,153,157,153,153,150,150,150,147,142,135,131,127,118,114,105,100,95,87,82,79,71,67,61,57,51,42,36,32,27,,,,,,,,,,,,,,,
78,92,102,111,116,116,125,129,134,140,144,148,154,155,154,154,154,150,145,140,135,125,120,113,106,100,95,92,89,84,79,70,64,58,52,48,44,40,33,29,25,,,,,,,,,,,,,,,,
65,83,92,101,110,118,132,132,140,148,156,158,158,158,155,151,151,147,139,136,129,124,121,118,110,104,100,97,92,85,78,72,66,58,54,48,44,38,33,29,27,,,,,,,,,,,,,,,,
57,82,99,108,115,115,123,133,137,143,145,145,150,150,151,151,151,146,138,132,123,117,112,107,103,99,92,88,89,88,83,78,72,67,61,55,49,39,35,33,29,27,,,,,,,,,,,,,,,
73,88,100,110,110,117,125,135,142,148,156,156,156,156,154,152,144,143,139,134,130,123,118,111,107,100,95,91,84,79,72,68,62,59,53,49,41,37,33,31,29,,,,,,,,,,,,,,,,
26,26,54,76,93,100,108,108,115,120,125,130,134,139,145,145,149,149,149,145,138,137,130,128,126,125,119,116,108,102,100,95,91,84,80,73,65,57,51,45,39,37,35,33,29,27,,,,,,,,,,,
23,47,69,84,94,94,100,110,116,124,130,134,137,137,144,146,150,152,152,147,147,141,136,131,123,115,110,104,96,92,87,82,79,76,70,65,59,53,49,43,41,37,35,33,29,25,,,,,,,,,,,
26,26,49,76,94,103,103,111,115,123,131,139,144,149,149,147,145,148,146,146,147,148,142,141,132,122,115,110,102,100,93,92,86,80,75,67,61,56,52,48,39,37,31,31,,,,,,,,,,,,,
25,49,74,91,98,106,106,110,115,125,131,138,146,150,150,154,158,157,156,157,155,148,145,135,127,119,112,100,94,89,86,83,78,75,69,63,57,54,47,41,37,37,33,29,23,,,,,,,,,,,,
27,50,50,76,92,98,102,102,102,103,107,112,118,127,135,140,140,144,145,142,141,140,138,138,133,129,124,118,113,109,103,97,90,83,78,74,73,65,64,56,52,46,41,37,33,27,25,,,,,,,,,,
58,81,97,106,116,116,121,131,135,140,144,148,151,155,155,156,152,152,147,143,139,132,125,122,117,109,107,101,98,92,91,81,78,70,69,61,50,48,42,38,34,34,29,27,,,,,,,,,,,,,
60,81,99,109,116,121,121,125,131,140,149,154,162,163,163,159,155,148,148,143,136,129,124,117,113,108,101,90,85,79,78,74,69,63,57,53,44,38,34,31,27,,,,,,,,,,,,,,,,
20,38,62,82,94,104,104,111,115,123,129,136,145,145,149,152,156,159,158,160,155,150,145,140,133,127,123,114,108,100,97,93,85,78,74,67,58,52,48,44,40,34,29,,,,,,,,,,,,,,
39,39,63,83,93,100,107,107,112,119,127,133,137,146,150,154,154,159,157,153,150,144,138,136,131,123,118,112,106,100,96,89,86,79,75,70,64,60,54,50,40,37,31,29,,,,,,,,,,,,,
43,43,63,83,91,99,106,106,114,123,134,142,150,156,161,161,161,165,160,155,150,141,132,127,122,115,112,106,96,89,84,79,74,68,65,61,57,51,41,37,35,29,27,,,,,,,,,,,,,,
31,31,56,77,92,99,99,103,110,117,128,139,146,151,151,158,160,159,161,159,155,153,145,139,133,130,122,119,113,107,101,96,93,90,83,75,71,65,59,53,49,42,36,36,30,27,,,,,,,,,,,
29,29,51,74,91,104,113,113,126,133,138,142,143,145,149,151,153,153,153,153,150,149,144,135,129,123,115,110,101,95,90,85,80,70,67,59,55,46,44,36,34,29,27,,,,,,,,,,,,,,
57,83,101,115,124,130,130,135,138,137,142,142,144,146,146,142,142,140,136,132,130,125,120,117,112,106,102,96,91,89,83,76,71,67,55,49,43,41,37,35,31,27,,,,,,,,,,,,,,,
53,53,76,97,104,111,118,118,125,130,137,143,148,153,154,156,156,156,155,152,153,148,147,143,135,125,120,112,102,97,84,79,73,69,61,57,51,47,43,36,34,27,23,,,,,,,,,,,,,,
24,45,45,70,87,99,106,114,114,120,124,129,131,135,141,145,145,151,151,152,152,150,144,136,130,123,117,111,103,95,90,85,78,67,61,57,53,50,45,39,37,35,33,29,25,,,,,,,,,,,,
34,34,54,74,83,94,103,103,115,127,137,142,148,150,151,155,157,157,155,155,148,142,139,132,127,121,116,108,104,98,93,90,85,81,76,72,63,55,50,44,40,34,29,25,,,,,,,,,,,,,
31,54,54,75,87,97,100,109,109,116,127,136,144,148,154,152,151,150,145,145,138,135,128,121,116,113,109,106,103,95,93,86,83,78,72,67,61,53,47,43,35,35,27,27,,,,,,,,,,,,,
34,34,55,72,84,93,99,99,108,117,122,131,136,142,146,146,148,148,148,142,136,133,130,125,124,116,111,104,98,88,87,82,77,72,67,61,56,52,48,42,38,36,32,28,22,,,,,,,,,,,,
38,59,78,87,87,95,99,106,116,123,129,129,138,139,143,146,147,146,146,147,143,146,139,136,128,122,113,105,99,95,92,85,80,75,69,63,57,53,45,43,37,33,29,25,,,,,,,,,,,,,
55,75,90,99,105,105,112,117,123,130,134,139,142,142,142,138,136,132,131,131,129,125,123,117,110,105,101,95,94,88,83,80,75,69,62,58,52,46,40,36,34,30,26,,,,,,,,,,,,,,
33,57,57,80,93,104,112,121,121,129,136,138,144,146,148,150,148,148,144,142,136,130,128,122,116,115,110,104,96,90,86,81,80,74,73,70,66,62,55,49,45,39,35,29,26,,,,,,,,,,,,
32,32,51,70,80,90,90,100,107,112,120,124,132,132,138,143,145,148,147,145,145,143,138,134,125,115,110,103,94,87,83,80,75,72,70,67,63,60,58,54,48,44,38,34,30,26,,,,,,,,,,,
23,23,45,70,87,97,106,106,115,126,138,146,149,152,149,149,149,151,150,148,149,146,136,133,129,123,120,113,105,99,93,90,83,80,76,73,69,64,60,54,48,46,42,37,31,27,,,,,,,,,,,
47,71,92,101,107,107,115,122,130,140,147,151,155,155,156,156,155,152,147,143,138,135,133,125,118,115,109,101,98,93,88,85,80,74,69,61,57,50,42,40,36,29,27,,,,,,,,,,,,,,
87,87,100,107,111,120,128,128,137,147,153,155,157,155,153,151,146,142,139,134,131,129,126,119,111,103,95,88,81,73,70,64,60,56,52,46,42,36,33,29,27,,,,,,,,,,,,,,,,
55,55,73,85,92,103,111,111,122,131,138,141,145,144,143,146,146,146,146,145,143,135,133,126,121,113,107,101,99,95,86,81,74,68,62,57,51,45,41,35,29,27,,,,,,,,,,,,,,,
48,73,89,102,108,108,114,119,125,130,138,142,142,146,149,149,146,144,144,138,139,132,130,124,122,115,113,106,101,97,94,87,84,77,73,66,60,54,50,44,35,31,27,,,,,,,,,,,,,,
51,76,90,99,107,113,113,119,129,135,141,148,150,154,158,158,157,153,156,153,149,142,137,129,128,121,115,108,107,101,98,89,85,75,64,62,56,51,47,43,41,39,32,28,,,,,,,,,,,,,
49,74,90,98,103,108,108,118,126,133,141,145,146,149,149,149,150,147,142,142,139,135,129,125,118,110,106,97,92,85,80,72,66,58,54,48,44,42,38,36,31,29,,,,,,,,,,,,,,,
23,46,77,77,96,105,113,118,125,125,134,141,145,152,153,154,157,157,155,154,150,142,138,135,125,121,114,108,102,95,88,81,74,68,60,54,50,50,44,40,35,33,27,19,,,,,,,,,,,,,
60,60,82,96,101,107,113,113,118,125,134,138,143,148,153,155,157,157,157,153,152,147,142,138,131,122,115,111,103,99,90,83,77,72,60,58,52,52,44,42,36,31,23,,,,,,,,,,,,,,
63,63,84,95,105,111,118,125,125,129,131,138,142,146,150,151,148,149,147,146,146,147,144,139,133,124,117,112,101,94,89,82,78,73,67,63,57,51,44,40,36,34,29,25,,,,,,,,,,,,,
21,42,42,69,93,108,116,116,119,120,122,122,129,133,138,138,144,148,148,153,151,150,147,144,139,136,131,125,118,110,104,99,94,87,84,77,71,65,59,53,44,38,29,27,,,,,,,,,,,,,
62,86,98,106,112,115,115,119,126,133,140,144,145,144,144,143,141,141,143,142,136,132,127,121,117,110,105,99,92,87,82,77,74,66,61,53,49,37,33,29,26,,,,,,,,,,,,,,,,
24,50,50,75,93,106,114,119,119,125,128,134,142,147,149,152,153,153,150,149,146,142,139,133,127,125,118,111,108,102,96,89,84,77,74,70,65,57,53,47,45,39,37,35,33,31,,,,,,,,,,,
26,26,46,71,85,92,92,98,104,110,118,125,125,130,137,139,139,141,141,139,140,136,134,135,132,128,122,116,107,107,101,91,84,77,68,61,55,50,48,42,40,38,36,36,32,28,20,,,,,,,,,,
42,68,68,88,100,109,116,126,134,134,140,147,149,150,154,154,150,147,142,133,130,130,124,119,116,112,109,103,97,91,86,79,76,71,64,58,50,44,40,36,34,32,30,28,,,,,,,,,,,,,
28,48,48,67,80,87,94,94,97,102,108,113,118,124,124,129,132,138,139,139,141,139,132,129,122,118,113,109,102,98,92,85,83,80,75,69,62,57,47,41,38,34,30,26,,,,,,,,,,,,,
87,99,106,106,108,109,114,118,124,130,130,132,134,137,138,135,134,129,126,122,117,109,106,100,92,92,88,86,82,79,74,69,64,59,53,50,42,40,35,33,29,25,,,,,,,,,,,,,,,
66,87,99,99,113,123,133,137,145,145,145,144,143,140,134,133,129,127,127,127,123,123,123,119,113,106,99,95,91,86,84,79,76,71,69,62,55,49,41,34,30,26,,,,,,,,,,,,,,,
34,34,59,81,94,99,99,108,114,124,134,141,145,145,148,146,141,137,129,125,124,119,115,113,107,101,95,95,92,86,82,75,72,68,64,58,56,49,47,44,42,36,33,31,27,23,,,,,,,,,,,
38,38,59,79,90,96,96,105,108,115,125,132,132,139,145,146,143,139,134,132,132,132,128,128,128,124,119,116,112,109,103,99,95,91,85,78,73,64,60,53,49,41,39,36,32,26,22,,,,,,,,,,
35,35,56,74,86,96,96,104,114,121,128,134,134,140,145,151,155,157,159,156,152,148,141,132,126,120,115,114,109,103,97,94,87,84,79,74,70,65,59,53,47,43,37,31,27,,,,,,,,,,,,
38,38,60,79,90,100,100,106,112,119,125,131,141,141,147,150,156,155,153,150,145,140,139,137,132,126,117,109,103,95,90,83,78,73,68,60,50,46,42,38,34,30,30,,,,,,,,,,,,,,
23,23,44,68,88,97,97,106,111,119,125,131,131,133,141,142,145,151,155,154,154,151,146,140,133,124,119,113,105,97,91,86,83,78,75,70,66,58,55,47,43,39,35,30,28,,,,,,,,,,,,
25,49,49,74,89,102,109,119,119,132,140,143,146,147,148,150,150,150,147,146,145,143,143,139,132,128,119,112,109,103,96,90,87,82,78,73,67,64,58,52,45,37,35,31,27,,,,,,,,,,,,
39,39,63,85,95,100,109,109,116,126,135,144,150,158,157,157,157,156,152,149,148,149,143,141,136,132,125,122,112,108,100,99,94,89,83,80,68,62,56,47,41,36,32,30,,,,,,,,,,,,,
30,30,59,85,102,118,125,135,135,142,146,149,152,156,156,158,159,153,151,147,139,139,137,131,128,123,110,104,98,91,83,78,72,66,61,54,55,46,44,38,36,29,25,,,,,,,,,,,,,,
59,80,89,95,95,100,106,115,123,131,142,150,150,156,163,164,159,154,148,139,134,128,124,119,114,107,101,94,90,85,79,74,71,67,61,59,51,47,39,35,31,27,,,,,,,,,,,,,,,
33,57,74,87,96,106,106,115,122,130,133,140,144,144,147,151,150,145,143,134,131,126,121,113,112,107,99,95,93,90,84,79,72,68,61,55,50,46,44,40,38,34,30,26,,,,,,,,,,,,,
36,59,59,79,91,98,108,115,115,125,134,139,142,146,148,149,149,153,150,149,147,145,138,136,129,123,118,110,102,96,93,89,86,83,78,74,67,61,55,49,45,41,37,33,25,22,,,,,,,,,,,
23,44,44,70,90,98,103,107,107,113,121,127,130,135,137,139,142,142,144,141,145,141,138,135,130,120,117,109,101,93,89,86,81,78,73,67,62,56,50,42,38,34,32,28,24,,,,,,,,,,,,
27,27,54,80,96,106,110,110,113,117,123,126,132,135,135,140,143,148,145,146,143,139,138,131,125,121,114,106,100,94,89,86,81,78,73,72,66,64,59,57,51,49,43,43,39,39,35,33,25,21,,,,,,,
36,57,79,90,96,96,101,107,114,121,127,128,132,132,128,127,125,125,124,129,127,127,127,123,117,112,107,101,97,93,87,86,81,78,75,71,64,58,48,46,38,36,30,28,,,,,,,,,,,,,
60,82,95,105,115,119,126,126,132,138,140,143,144,144,149,148,144,144,142,138,133,128,123,117,116,109,101,95,90,85,80,73,70,62,56,51,43,37,33,28,26,,,,,,,,,,,,,,,,
81,97,113,113,120,124,127,129,132,140,147,147,153,160,161,156,154,147,140,133,124,116,109,104,98,94,89,86,84,82,77,76,66,63,57,51,43,39,37,35,33,27,27,,,,,,,,,,,,,,
38,62,82,82,90,97,100,108,115,115,123,130,136,139,145,143,142,140,137,137,129,126,121,118,116,113,108,104,100,96,96,95,90,86,79,71,66,58,52,48,45,45,41,41,37,31,27,,,,,,,,,,
21,47,47,70,87,93,99,106,106,110,116,123,133,137,145,146,148,148,148,144,140,140,135,128,126,122,117,112,107,101,97,94,89,84,79,74,71,63,59,53,51,43,41,37,37,31,,,,,,,,,,,
48,70,83,92,98,106,106,116,124,129,136,140,144,145,146,146,145,147,143,137,131,127,121,120,116,110,105,101,95,92,85,80,75,70,64,56,51,45,41,37,33,29,24,,,,,,,,,,,,,,
26,26,49,72,88,102,102,112,120,129,133,136,143,147,147,149,148,145,139,137,132,128,126,122,118,118,115,112,105,99,91,86,81,74,71,63,60,52,48,42,38,32,30,26,,,,,,,,,,,,,
32,53,53,74,83,92,100,106,106,116,125,130,139,140,141,141,141,137,135,134,133,131,131,127,123,122,118,111,106,100,96,89,85,78,72,65,62,58,52,46,42,40,36,30,26,,,,,,,,,,,,
56,78,91,103,103,111,118,126,130,131,134,134,136,139,142,143,142,143,141,137,132,127,119,117,108,103,97,93,86,84,81,77,76,71,67,64,60,54,51,47,43,37,33,31,29,,,,,,,,,,,,
23,23,46,68,84,93,93,100,108,115,119,126,131,131,139,147,155,156,157,152,149,147,143,136,135,131,123,118,108,103,96,90,85,80,74,69,63,57,51,45,39,35,33,29,25,,,,,,,,,,,,
39,61,61,81,93,101,108,115,115,120,126,130,135,144,146,146,150,150,149,146,142,138,133,131,127,121,118,111,104,100,96,91,86,81,76,70,65,61,55,49,43,39,35,31,29,,,,,,,,,,,,
29,54,54,78,93,104,108,112,112,118,123,128,137,142,143,147,147,147,147,147,142,134,130,125,121,118,114,108,106,104,102,100,93,89,83,78,71,67,61,55,49,43,39,33,29,25,,,,,,,,,,,
32,55,75,90,98,98,105,111,118,124,131,135,135,136,139,142,143,144,142,140,140,135,130,128,124,117,114,109,103,97,94,88,87,79,78,69,65,57,53,43,39,35,33,29,25,,,,,,,,,,,,
33,56,56,79,92,98,102,105,105,108,114,118,124,130,135,140,149,149,152,153,155,151,146,141,138,129,126,118,111,103,96,92,87,82,74,69,61,55,51,45,41,37,35,29,27,,,,,,,,,,,,
38,60,60,82,93,100,107,112,112,120,127,133,136,142,143,142,142,143,141,139,136,133,130,128,124,118,117,110,103,99,93,90,83,78,71,63,58,52,48,42,36,32,28,24,,,,,,,,,,,,,
30,52,73,86,94,101,101,108,112,121,128,135,142,142,142,140,139,134,129,129,130,128,126,119,113,110,105,102,96,93,87,86,80,77,70,64,59,53,47,44,42,38,32,28,24,,,,,,,,,,,,
33,33,61,86,102,102,102,107,105,109,113,119,125,125,131,134,134,135,132,128,129,126,124,124,122,118,118,118,115,109,105,99,93,87,82,79,74,68,63,52,46,44,38,34,30,24,,,,,,,,,,,
22,22,45,66,82,91,91,98,102,113,119,124,124,131,135,141,147,148,147,147,143,138,137,130,122,122,116,113,106,102,95,92,84,79,73,67,62,55,51,45,39,38,34,32,24,,,,,,,,,,,,
55,55,75,88,97,106,106,116,125,127,134,138,141,141,143,142,141,142,139,139,138,137,131,129,123,117,112,107,101,97,89,84,75,70,61,57,52,46,40,36,32,30,26,,,,,,,,,,,,,,
26,26,47,67,81,91,91,101,106,114,120,126,131,131,141,145,148,150,148,144,142,139,136,135,131,126,125,119,119,112,105,97,91,81,78,71,65,58,50,44,38,34,30,26,,,,,,,,,,,,,
43,63,83,92,92,102,108,116,124,128,139,139,145,150,158,161,161,161,155,149,142,134,125,119,112,103,98,90,85,80,75,68,63,57,51,48,40,36,30,30,,,,,,,,,,,,,,,,,
36,36,55,73,83,88,88,99,103,111,119,127,132,132,140,144,147,151,153,151,148,140,134,128,120,114,110,106,99,99,97,91,86,81,75,71,59,51,47,43,40,36,34,30,30,,,,,,,,,,,,
20,20,42,69,89,102,102,107,111,116,123,129,135,135,139,142,147,149,147,147,143,139,135,132,127,125,125,119,113,108,102,94,90,83,80,75,72,67,58,54,50,46,40,34,30,26,,,,,,,,,,,
23,23,51,75,91,103,103,105,112,116,121,128,133,133,137,141,143,145,145,142,141,140,136,131,131,129,124,122,117,111,109,105,101,94,90,80,77,67,64,54,50,43,37,33,29,27,,,,,,,,,,,
44,62,76,85,91,91,100,107,115,123,132,135,135,141,143,147,147,146,140,137,131,130,127,123,119,112,105,98,93,89,80,79,72,71,65,62,56,50,46,42,38,34,30,28,,,,,,,,,,,,,
20,35,35,59,78,90,98,98,102,107,116,123,128,136,136,138,141,145,144,143,144,142,138,134,128,119,116,108,104,99,97,91,86,80,73,66,60,57,51,45,41,36,32,28,26,,,,,,,,,,,,
52,68,78,88,88,97,103,112,119,127,127,138,144,148,156,157,160,159,155,149,149,143,135,125,123,116,108,104,101,95,90,82,77,70,64,59,53,46,40,36,34,30,28,,,,,,,,,,,,,,
30,50,50,72,84,92,101,101,104,112,121,129,135,140,140,141,142,144,143,141,141,138,135,130,125,116,113,105,96,90,84,79,73,70,64,63,58,52,47,41,37,33,29,29,,,,,,,,,,,,,
60,60,80,95,107,118,118,127,131,134,135,136,141,144,144,145,148,144,142,140,136,130,126,120,114,106,98,89,86,82,79,76,71,66,62,57,53,47,41,40,36,36,32,30,26,,,,,,,,,,,,
35,58,58,76,87,92,97,97,104,111,114,120,124,130,130,135,140,137,136,131,127,125,121,117,116,115,112,109,102,98,94,90,84,79,74,69,60,54,45,39,33,30,28,,,,,,,,,,,,,,
21,46,46,72,95,108,115,115,120,123,126,133,136,140,145,145,147,150,153,151,146,145,142,136,133,124,118,113,107,104,101,97,94,90,85,78,70,63,57,51,47,41,37,33,31,31,,,,,,,,,,,
37,59,59,79,91,97,102,102,106,111,120,125,133,140,146,146,148,153,152,153,151,147,139,136,128,122,115,108,101,95,91,86,83,78,73,67,64,56,52,44,42,38,34,32,26,24,,,,,,,,,,,
36,60,60,79,93,104,111,111,120,123,127,134,138,143,147,147,150,149,151,148,148,148,145,139,136,132,124,119,112,108,104,100,93,88,83,77,72,64,58,52,46,42,35,33,29,23,,,,,,,,,,,
29,29,51,71,87,96,106,106,115,126,132,143,145,149,149,153,155,155,157,155,150,148,144,135,130,124,119,112,102,92,85,76,71,64,58,52,50,46,40,38,36,34,30,28,,,,,,,,,,,,,
33,33,56,79,92,102,111,111,117,122,128,132,138,145,145,149,150,152,147,142,137,133,126,123,117,112,109,105,98,94,88,85,84,81,76,73,65,64,58,54,48,42,36,30,28,,,,,,,,,,,,
22,22,46,70,87,99,105,105,110,118,126,131,139,143,143,145,149,147,144,143,139,135,134,132,130,130,127,121,116,107,101,94,92,85,82,74,69,63,57,51,43,37,33,29,27,,,,,,,,,,,,
38,38,58,77,88,95,95,104,111,120,130,139,148,157,157,163,169,176,175,174,172,168,157,149,139,129,124,115,107,97,90,83,77,72,66,60,54,48,46,40,35,29,25,,,,,,,,,,,,,,
53,53,72,87,98,109,117,117,126,135,140,143,150,151,157,159,159,160,156,158,152,148,139,134,124,119,114,108,104,98,91,86,77,69,61,53,47,41,39,39,35,31,29,,,,,,,,,,,,,,
53,53,76,94,103,108,113,113,121,127,129,134,135,137,141,141,143,140,143,139,138,134,132,127,124,120,113,110,104,100,96,91,84,79,74,66,63,55,51,45,41,35,31,29,,,,,,,,,,,,,
41,62,76,87,87,97,106,115,122,130,140,140,148,148,152,149,145,143,136,132,128,124,117,116,112,107,103,99,97,97,95,84,77,74,65,61,53,48,42,36,32,30,28,,,,,,,,,,,,,,
30,55,55,77,92,104,112,112,123,129,134,139,142,147,147,151,155,156,158,156,153,153,149,142,137,127,123,114,112,103,100,92,85,80,72,69,65,59,53,43,39,37,33,29,25,,,,,,,,,,,,
27,27,50,74,92,102,102,110,116,125,133,138,147,147,152,153,157,156,154,152,149,144,143,140,134,130,124,117,110,106,99,97,90,85,77,70,62,56,48,39,35,29,27,,,,,,,,,,,,,,
30,30,53,77,92,100,107,107,113,118,126,131,137,145,147,147,148,149,151,148,147,142,137,136,130,126,119,112,105,101,96,92,89,82,76,69,65,57,55,47,43,37,35,29,25,,,,,,,,,,,,
74,86,95,104,111,111,118,122,128,133,137,146,152,154,154,156,154,151,149,145,140,136,134,124,121,112,108,102,97,90,83,76,68,62,48,44,40,33,29,25,,,,,,,,,,,,,,,,,
26,26,46,72,92,101,112,112,118,123,132,136,141,145,148,148,150,152,151,148,151,149,146,143,142,134,132,123,116,110,104,100,95,90,84,79,73,67,63,55,51,45,38,34,32,25,,,,,,,,,,,
23,23,41,61,78,90,99,99,106,114,122,132,138,148,148,152,152,155,152,148,146,141,134,131,125,119,114,109,102,96,91,87,87,82,81,76,73,67,65,57,54,50,50,46,42,37,31,27,,,,,,,,,
73,85,96,105,105,115,128,137,143,149,153,153,155,155,153,150,149,144,138,134,133,128,129,123,116,108,104,98,93,86,81,73,66,60,56,48,42,37,31,27,,,,,,,,,,,,,,,,,
49,75,93,102,107,112,112,119,124,128,134,136,139,143,145,145,142,143,139,136,135,133,129,127,126,121,116,108,102,98,91,86,79,75,66,62,56,52,48,42,38,36,29,27,,,,,,,,,,,,,
38,38,60,76,89,97,97,108,116,125,131,138,143,143,148,156,160,160,162,160,154,152,144,139,134,129,121,113,109,103,101,92,87,80,72,62,56,48,44,35,33,27,27,,,,,,,,,,,,,,
32,54,54,74,86,94,105,105,111,120,122,126,132,138,138,142,149,150,151,152,149,144,140,134,125,121,113,106,100,94,86,81,76,71,64,57,53,49,43,40,38,36,32,30,26,,,,,,,,,,,,
20,20,44,63,81,91,91,99,108,116,124,124,133,139,143,149,152,154,155,152,152,148,145,140,136,133,124,115,108,101,92,88,83,82,77,76,69,66,56,51,43,39,37,34,28,24,,,,,,,,,,,
40,63,81,94,104,104,113,124,131,135,141,141,145,145,149,146,140,134,128,123,120,118,116,117,117,112,108,104,101,95,93,88,84,77,72,63,58,48,45,39,35,31,28,24,,,,,,,,,,,,,
51,72,87,97,97,105,110,115,117,124,124,129,134,140,141,139,138,138,134,134,130,130,130,127,125,116,115,108,105,99,95,89,83,76,69,64,56,51,45,39,35,33,30,26,,,,,,,,,,,,,
39,63,81,90,98,98,101,107,112,117,119,126,126,129,130,135,135,134,135,133,131,128,128,124,118,114,110,104,100,93,89,83,80,74,69,64,58,55,50,46,40,37,33,29,27,,,,,,,,,,,,
30,52,52,74,89,100,111,111,116,121,125,127,130,130,136,138,142,144,145,141,141,136,133,130,124,116,116,112,105,98,93,90,84,81,75,70,63,55,50,44,39,35,33,27,25,,,,,,,,,,,,
21,44,44,70,91,102,107,107,113,118,127,131,142,147,147,152,158,154,151,146,143,133,132,124,119,114,110,105,99,95,89,89,84,77,72,65,60,52,47,43,39,33,30,26,,,,,,,,,,,,,
33,56,56,74,89,97,105,109,109,115,117,125,131,137,144,144,146,144,144,139,135,131,128,124,120,116,109,104,95,90,83,81,74,69,62,57,53,48,42,37,31,29,27,,,,,,,,,,,,,,
71,84,90,95,95,102,109,117,127,135,135,141,147,151,152,152,148,142,137,132,127,126,124,124,116,115,108,105,101,95,91,86,84,77,74,64,61,53,49,44,36,34,28,26,,,,,,,,,,,,,
81,92,101,107,107,111,117,121,125,131,135,135,138,144,145,144,142,138,133,130,125,118,115,111,106,102,102,98,96,88,83,76,69,64,57,51,43,41,36,32,28,26,,,,,,,,,,,,,,,
28,49,49,68,79,87,95,95,102,109,118,125,129,129,135,139,141,144,142,141,139,135,131,128,123,118,118,112,103,98,92,88,80,79,71,66,60,55,50,42,40,37,33,29,25,,,,,,,,,,,,
57,57,82,101,109,115,115,119,124,129,138,145,152,152,159,163,162,164,159,155,150,145,137,131,125,119,116,106,98,94,87,82,75,70,62,56,49,43,37,32,28,26,,,,,,,,,,,,,,,
22,22,44,65,81,91,91,95,99,105,114,126,126,137,145,152,154,155,155,153,147,147,142,137,133,125,121,121,116,111,102,98,93,90,81,75,74,68,63,57,53,51,47,45,39,37,29,25,,,,,,,,,
43,43,65,86,98,106,106,113,117,121,127,132,138,145,145,151,157,163,164,159,159,155,149,146,137,131,125,121,114,108,101,95,92,82,79,71,65,57,51,44,38,36,32,,,,,,,,,,,,,,
58,58,80,94,105,115,115,122,129,136,142,146,151,152,151,151,150,144,139,138,132,127,125,119,113,107,100,92,88,83,80,75,72,67,63,56,52,44,40,36,34,28,24,,,,,,,,,,,,,,
48,65,73,83,83,88,96,104,111,115,115,116,120,122,122,127,127,127,131,131,134,135,137,132,129,125,120,113,108,103,93,89,83,78,71,64,58,55,47,45,41,37,32,26,22,,,,,,,,,,,,
47,47,68,86,97,107,107,113,117,120,126,128,128,132,138,140,142,143,143,140,143,139,135,130,121,115,110,105,99,94,91,83,83,69,64,56,53,47,43,37,36,32,30,26,,,,,,,,,,,,,
30,54,54,76,91,99,104,111,111,118,124,130,135,137,142,142,141,143,145,143,139,138,129,126,120,114,106,103,99,92,89,87,84,77,74,69,66,60,55,51,41,38,32,30,26,,,,,,,,,,,,
73,90,100,100,106,114,119,124,129,129,134,138,142,140,140,139,139,135,137,133,130,126,122,118,118,111,106,97,94,90,85,80,73,68,61,46,42,38,36,30,28,,,,,,,,,,,,,,,,
51,76,93,100,106,106,113,121,129,138,143,146,146,151,154,155,160,161,154,151,142,135,128,120,114,106,102,94,90,83,78,73,65,60,54,46,40,34,32,28,26,,,,,,,,,,,,,,,,
32,32,55,71,83,86,86,93,99,108,118,130,144,144,152,161,161,158,155,153,143,138,130,123,119,113,111,104,100,93,92,85,81,75,66,61,55,52,46,40,34,30,28,,,,,,,,,,,,,,
34,63,63,85,97,100,103,103,108,112,119,126,133,137,146,146,150,151,150,147,143,139,134,128,122,118,111,108,100,94,90,82,77,72,68,65,59,54,46,42,38,34,32,28,24,,,,,,,,,,,,
32,52,52,71,89,102,113,113,121,126,129,136,143,145,150,150,149,144,141,136,132,133,126,124,119,118,111,108,103,97,93,86,82,77,72,64,61,53,49,44,40,36,32,28,20,,,,,,,,,,,,
31,31,54,75,86,94,100,100,107,116,125,132,144,144,149,152,153,152,148,147,144,140,139,136,131,127,121,115,108,100,92,89,85,82,77,71,64,58,52,46,40,38,34,32,28,24,,,,,,,,,,,
39,66,66,89,105,114,121,128,128,131,132,136,138,138,140,137,133,129,129,124,119,115,113,108,105,102,95,93,87,85,80,77,74,71,66,63,59,56,52,50,49,45,41,37,33,28,22,,,,,,,,,,
36,36,59,78,91,100,100,107,115,120,125,130,134,134,137,143,145,145,149,149,151,150,145,139,134,129,117,110,103,97,93,88,85,82,79,74,70,65,61,55,51,45,41,35,31,25,,,,,,,,,,,
35,56,56,76,85,93,99,104,104,112,116,125,133,140,144,149,149,151,148,149,142,135,130,125,119,118,114,109,100,96,84,81,76,75,71,66,63,59,51,50,44,40,34,28,24,,,,,,,,,,,,
22,22,42,64,82,94,102,102,110,115,121,128,131,131,134,139,143,142,143,137,134,128,123,118,117,114,108,103,99,95,91,87,80,77,70,65,58,52,47,43,37,33,30,26,,,,,,,,,,,,,
20,20,40,64,83,94,94,105,112,116,123,125,125,128,130,132,133,138,140,140,139,136,132,132,129,124,116,114,111,104,100,93,86,82,75,72,67,63,58,53,47,41,37,34,32,30,22,,,,,,,,,,
61,61,81,93,101,106,106,111,118,125,129,137,140,143,143,147,147,145,142,136,130,126,120,115,112,107,100,98,92,86,81,73,68,59,55,48,44,41,37,35,29,27,,,,,,,,,,,,,,,
20,38,38,62,79,91,97,97,101,103,109,114,119,127,127,130,134,141,142,139,138,134,129,129,124,121,121,118,110,102,95,89,83,77,72,69,66,62,59,54,50,43,41,35,35,31,29,24,,,,,,,,,
46,70,83,93,93,105,116,126,133,138,138,137,140,139,139,142,139,135,133,132,128,128,128,124,119,116,111,108,104,102,96,94,87,83,78,69,61,53,46,42,36,36,32,30,24,,,,,,,,,,,,
63,85,97,105,112,112,117,123,133,139,145,151,151,153,152,151,146,141,137,130,123,119,113,106,101,92,85,79,76,69,66,61,59,56,52,49,45,41,39,35,33,30,28,,,,,,,,,,,,,,
26,26,49,70,83,91,91,94,99,110,120,132,143,143,149,152,155,153,149,148,145,140,136,133,122,118,113,108,103,97,91,87,80,77,72,64,59,55,53,46,42,38,36,32,26,24,,,,,,,,,,,
58,80,94,101,104,104,109,115,121,132,142,152,164,164,168,167,165,157,149,140,132,125,119,113,108,104,98,92,87,83,78,76,73,70,64,60,52,47,39,34,30,26,,,,,,,,,,,,,,,
24,24,46,62,76,83,83,88,94,100,107,118,118,126,136,146,149,152,154,152,148,145,145,140,133,127,124,119,116,109,106,102,98,88,85,74,69,59,58,52,48,42,40,36,34,32,24,,,,,,,,,,
35,35,60,82,99,109,109,117,123,133,140,145,154,154,157,161,166,164,159,155,151,143,140,133,127,122,117,108,102,96,93,89,86,78,75,67,63,58,54,48,46,41,37,35,29,27,,,,,,,,,,,
37,64,64,87,101,109,112,121,121,128,137,146,152,154,159,159,159,156,156,154,149,146,140,133,128,120,115,108,103,97,96,92,86,85,74,69,63,59,50,46,42,40,36,34,29,27,,,,,,,,,,,
40,40,62,82,90,96,96,102,107,118,125,133,143,145,145,148,151,148,143,141,138,134,132,123,117,114,111,104,102,99,95,89,82,79,73,68,62,56,51,45,41,39,33,31,22,,,,,,,,,,,,
28,28,45,63,77,93,93,104,113,122,127,133,138,138,143,144,149,147,145,143,138,134,130,125,120,119,111,106,100,98,98,90,89,83,78,70,62,57,51,49,42,38,34,30,22,,,,,,,,,,,,
64,86,101,112,112,123,132,141,144,143,145,145,145,144,144,138,133,132,128,125,126,126,120,118,111,105,97,93,87,82,77,74,69,66,60,57,47,43,38,36,30,28,,,,,,,,,,,,,,,
44,44,64,78,86,92,92,97,104,115,125,134,134,146,150,152,153,150,150,152,150,147,144,139,139,131,127,121,115,111,106,101,97,93,86,79,64,60,55,47,41,37,35,30,26,,,,,,,,,,,,
39,62,80,92,99,99,105,112,119,128,135,142,142,147,149,150,156,154,151,152,148,144,142,135,126,123,117,111,105,103,99,94,87,80,73,63,57,53,47,41,39,35,33,29,25,,,,,,,,,,,,
26,26,49,70,89,99,99,110,120,131,138,147,151,151,154,156,156,152,151,147,142,139,133,128,122,117,114,109,103,96,91,86,82,76,69,62,58,52,46,44,40,38,32,28,28,,,,,,,,,,,,
34,34,56,72,81,90,90,100,105,115,120,124,129,129,135,139,147,147,148,150,150,147,145,139,134,134,127,120,113,108,98,96,91,86,81,74,66,59,53,49,43,35,31,26,,,,,,,,,,,,,
40,67,89,107,107,119,125,131,133,133,135,135,139,142,145,146,142,140,136,131,129,123,120,116,111,106,101,95,89,84,81,76,73,68,61,57,49,44,40,36,32,26,24,,,,,,,,,,,,,,
42,65,81,91,91,100,107,116,127,134,134,140,149,152,155,158,155,150,147,143,137,133,133,129,124,121,115,106,102,96,92,87,83,78,70,63,57,52,46,42,32,28,26,,,,,,,,,,,,,,
29,29,55,76,91,103,111,111,114,121,125,130,140,140,144,149,154,157,154,155,150,149,143,142,134,134,126,120,111,103,95,91,86,79,73,66,60,55,49,43,39,33,31,26,,,,,,,,,,,,,
30,61,61,85,100,107,109,109,113,119,125,131,139,145,148,148,150,150,145,147,143,141,139,136,131,127,125,118,115,108,105,101,95,90,85,82,73,67,59,53,49,43,39,35,33,29,23,,,,,,,,,,
30,30,53,74,84,92,92,97,101,105,110,113,120,120,126,135,143,151,150,152,147,141,137,131,127,125,125,121,116,109,106,98,96,89,84,81,74,66,60,52,46,42,36,32,26,26,,,,,,,,,,,
25,25,48,69,84,91,91,99,104,113,121,129,129,139,146,150,157,159,158,157,152,149,146,142,142,137,134,130,122,117,110,104,99,93,86,81,66,59,53,45,41,35,33,29,26,,,,,,,,,,,,
33,56,56,76,91,101,108,108,115,118,119,124,129,133,140,140,142,142,143,143,140,139,136,134,132,127,122,120,117,111,110,106,101,97,92,87,80,73,65,57,49,43,39,33,29,25,,,,,,,,,,,
40,61,61,76,84,90,95,103,103,110,116,125,133,138,148,151,151,154,158,159,156,155,148,141,132,130,118,111,102,98,91,85,78,71,61,58,54,50,42,40,38,34,32,28,26,,,,,,,,,,,,
37,58,58,75,86,93,102,108,108,114,124,130,138,145,152,152,154,156,152,147,147,140,134,131,127,121,120,113,106,98,94,88,81,74,71,65,58,52,48,44,40,38,34,32,28,24,,,,,,,,,,,
51,77,101,110,110,120,130,139,149,158,163,165,165,167,166,162,160,156,153,150,147,141,139,130,123,118,112,106,100,89,82,73,67,57,53,47,45,39,35,33,29,25,,,,,,,,,,,,,,,
36,36,67,91,103,110,110,116,123,135,144,151,158,161,161,162,163,162,158,157,152,147,140,131,122,117,108,98,92,87,82,75,68,62,54,50,46,45,43,37,35,26,22,,,,,,,,,,,,,,
23,43,43,68,85,95,102,107,107,112,114,118,120,127,132,132,136,142,143,144,149,148,146,144,140,132,128,120,110,104,98,94,89,85,82,76,71,66,62,54,50,45,41,37,32,30,24,,,,,,,,,,
23,45,71,88,102,102,109,117,126,136,142,146,146,148,148,152,151,152,154,150,145,143,137,130,125,118,112,108,102,94,88,83,76,67,59,58,54,50,44,40,32,26,18,,,,,,,,,,,,,,
38,57,73,81,89,89,98,104,115,119,123,123,130,133,138,143,146,145,145,142,136,133,126,126,119,118,112,105,100,96,90,86,79,76,71,66,58,55,47,43,37,36,34,30,28,,,,,,,,,,,,
45,64,83,93,100,100,109,115,119,126,128,128,135,139,146,148,153,154,155,152,147,140,135,128,120,114,107,103,103,97,90,83,80,73,68,60,54,48,42,36,32,28,26,,,,,,,,,,,,,,
21,42,63,78,87,87,93,100,107,117,131,131,144,153,164,169,170,171,168,163,156,146,138,133,126,116,110,101,95,91,88,83,78,71,65,58,54,48,42,36,32,30,22,,,,,,,,,,,,,,
59,81,94,107,107,118,130,142,149,153,158,158,160,160,165,165,161,158,152,147,140,132,124,119,114,110,106,102,96,91,84,79,73,70,62,58,52,48,42,40,33,33,27,27,,,,,,,,,,,,,
52,78,96,108,108,118,124,127,132,134,135,140,140,142,142,145,142,139,141,135,132,127,121,117,112,110,103,101,95,92,87,84,75,72,60,56,48,45,41,35,30,26,,,,,,,,,,,,,,,
26,26,45,68,82,93,93,101,110,114,123,128,128,136,144,148,150,153,151,142,139,131,127,123,119,115,110,105,97,95,93,90,87,82,79,74,67,59,56,50,44,40,36,34,30,26,,,,,,,,,,,
32,57,57,77,92,100,103,109,109,117,122,131,137,143,148,148,149,149,149,148,145,143,135,132,127,121,115,111,106,100,96,91,87,84,83,77,70,64,57,51,45,41,39,31,29,,,,,,,,,,,,
64,87,99,107,109,109,117,121,129,136,141,143,143,145,146,143,145,143,143,143,141,136,132,127,120,115,108,100,96,89,84,79,76,68,65,57,53,45,41,37,35,31,27,,,,,,,,,,,,,,
21,40,40,68,88,98,105,105,109,116,121,128,135,140,140,146,153,156,155,155,151,144,144,138,128,124,116,109,104,98,93,87,84,81,80,75,69,64,58,50,46,40,36,32,28,26,,,,,,,,,,,
58,79,93,102,107,113,113,119,125,134,140,144,150,154,154,155,156,155,154,151,144,137,131,125,116,115,106,98,93,91,88,83,78,72,67,59,53,47,43,39,33,31,27,,,,,,,,,,,,,,
45,67,90,100,111,117,117,124,132,138,145,153,156,159,159,162,160,154,152,147,141,140,135,127,121,114,107,102,96,92,87,84,78,73,65,59,53,47,41,37,33,29,23,,,,,,,,,,,,,,
52,73,87,95,95,102,110,120,129,135,135,146,149,150,153,152,149,148,144,136,134,126,119,111,109,102,102,94,93,87,84,79,76,69,65,60,56,50,46,42,38,32,30,24,,,,,,,,,,,,,
41,62,62,82,94,107,119,128,128,137,148,156,159,163,158,152,147,147,140,134,133,130,123,119,114,113,111,106,102,98,93,87,84,81,77,70,66,59,55,47,41,35,31,29,,,,,,,,,,,,,
45,64,82,89,89,96,102,108,113,121,121,130,137,149,156,162,164,156,148,140,131,121,118,118,112,109,102,99,93,90,86,81,76,71,66,60,57,49,45,38,34,30,,,,,,,,,,,,,,,
24,24,44,68,86,97,97,107,111,116,122,125,127,127,132,135,138,143,143,141,141,137,132,129,127,127,121,119,111,106,102,96,90,86,81,74,69,62,56,51,45,41,37,32,30,26,,,,,,,,,,,
57,70,70,82,93,104,111,116,116,121,124,129,135,139,141,141,143,139,136,136,132,126,123,118,112,111,104,102,99,98,93,88,84,81,76,71,62,58,49,45,39,36,32,30,26,,,,,,,,,,,,
25,25,50,70,87,100,100,115,125,129,127,122,122,127,133,138,145,149,147,144,138,133,130,125,125,120,117,114,111,108,103,95,91,86,81,78,73,68,63,57,53,50,46,40,38,28,24,,,,,,,,,,
36,55,55,72,80,86,93,93,96,104,108,115,120,127,127,132,138,144,145,146,148,145,139,137,127,117,111,106,100,97,94,88,87,81,80,71,68,58,57,47,43,38,34,30,26,,,,,,,,,,,,
81,98,105,110,110,113,119,125,131,138,143,143,142,145,144,143,143,139,136,136,131,128,124,120,113,108,101,93,88,85,81,77,74,71,65,56,52,46,42,38,34,32,26,24,,,,,,,,,,,,,
32,59,59,79,90,99,105,109,109,118,123,127,135,139,145,151,151,153,149,146,140,135,128,123,119,116,112,105,103,97,95,90,88,81,76,73,67,64,56,52,48,42,38,34,30,24,,,,,,,,,,,
27,50,50,73,85,94,103,103,111,119,126,131,134,142,142,146,149,153,152,149,150,143,138,135,130,124,122,119,112,107,103,99,96,91,86,83,74,69,61,55,49,45,39,33,29,23,,,,,,,,,,,
26,26,51,72,86,96,96,105,110,117,123,127,127,134,141,149,155,158,158,159,157,151,151,145,145,141,134,128,120,116,111,105,103,96,91,77,71,68,60,54,48,44,37,35,31,27,,,,,,,,,,,
24,47,69,87,98,98,105,110,116,120,123,131,131,135,138,139,141,137,139,137,135,134,132,127,124,121,116,115,110,104,98,90,83,78,73,67,62,54,50,46,40,34,30,28,,,,,,,,,,,,,
24,24,48,74,90,103,103,111,116,122,127,130,136,136,143,152,161,165,164,164,159,154,150,145,138,133,123,116,111,105,97,93,90,85,82,77,71,65,57,54,45,41,37,33,29,23,,,,,,,,,,,
56,56,78,95,107,113,116,116,122,126,131,140,146,150,155,155,156,154,153,150,143,142,141,136,134,128,120,110,103,96,94,85,80,72,67,59,55,51,47,41,35,31,29,,,,,,,,,,,,,,
23,49,72,86,95,95,105,115,123,128,132,132,134,134,139,142,143,148,148,150,148,146,140,134,130,124,121,116,108,106,98,94,87,80,72,67,61,55,49,45,41,35,31,27,,,,,,,,,,,,,
28,51,51,73,91,103,110,117,117,122,127,132,136,136,139,136,136,136,135,133,130,129,128,124,122,115,110,105,101,94,93,89,88,83,80,75,70,63,55,50,46,42,36,30,28,,,,,,,,,,,,
21,44,67,84,94,94,102,111,118,125,132,132,137,140,144,146,148,149,148,145,145,141,141,132,130,125,123,118,113,108,102,94,86,83,74,71,61,59,50,46,40,38,34,30,,,,,,,,,,,,,
32,32,54,78,89,98,98,105,111,118,126,132,132,138,146,150,152,153,150,146,144,141,135,135,130,123,114,108,101,93,89,85,80,77,72,67,61,54,50,47,41,37,35,33,30,28,,,,,,,,,,,
23,48,69,82,89,89,91,98,103,111,120,120,127,133,139,143,144,146,144,143,143,143,138,131,126,119,112,109,102,98,93,89,84,80,77,72,67,61,56,52,49,43,39,35,33,31,28,28,,,,,,,,,
32,32,57,79,93,100,100,108,112,123,129,135,140,140,145,148,157,158,158,161,157,154,149,145,137,130,123,111,108,96,90,81,78,73,69,62,58,52,48,42,38,34,30,26,,,,,,,,,,,,,
32,32,56,76,89,98,98,106,114,125,134,142,142,153,160,163,168,163,160,158,155,148,146,141,132,130,122,119,111,109,101,99,90,85,77,70,62,54,46,41,37,33,29,27,,,,,,,,,,,,,
31,50,50,71,85,94,106,106,112,120,126,130,135,141,141,143,144,144,141,138,138,135,132,132,129,125,122,116,111,103,97,89,86,79,74,67,63,54,48,40,38,34,32,30,28,,,,,,,,,,,,
35,60,82,99,110,110,118,126,132,139,149,154,160,160,165,168,167,165,162,157,153,149,141,139,129,122,115,109,101,98,93,88,82,75,73,67,61,55,49,40,36,34,30,25,,,,,,,,,,,,,
39,58,58,78,89,100,107,118,126,126,134,143,149,152,156,154,154,154,154,149,149,147,142,134,130,125,119,109,101,95,90,81,71,65,59,55,53,47,43,39,35,29,25,,,,,,,,,,,,,,
27,27,55,87,109,120,120,128,132,134,139,139,142,147,147,150,151,154,152,149,149,145,137,133,131,124,123,118,113,109,102,98,91,86,82,79,71,65,59,57,51,47,40,32,27,,,,,,,,,,,,
32,58,85,85,102,111,121,127,135,135,142,146,148,155,157,160,164,163,161,159,159,151,150,142,136,129,122,114,107,101,98,95,91,84,82,74,68,59,50,44,39,35,28,,,,,,,,,,,,,,
38,64,64,86,98,110,115,122,122,130,138,144,151,154,156,158,158,152,156,153,152,147,146,136,132,125,119,115,109,104,99,94,89,81,77,69,65,57,48,43,37,35,28,23,,,,,,,,,,,,,
59,78,91,100,108,108,116,127,135,142,150,154,156,158,158,156,153,155,153,149,146,141,136,131,125,119,111,107,98,96,93,87,76,68,64,58,54,47,43,36,30,25,,,,,,,,,,,,,,,
77,94,106,114,114,123,134,142,147,153,159,161,167,167,167,166,164,159,152,151,145,139,131,124,118,111,104,95,90,75,69,65,59,55,47,45,38,36,30,27,,,,,,,,,,,,,,,,,
36,36,52,69,81,95,109,109,119,128,137,143,147,152,155,155,155,158,156,154,152,148,140,139,129,123,114,111,101,97,90,85,80,74,71,67,62,56,54,50,46,42,37,35,23,,,,,,,,,,,,
61,61,77,88,94,103,114,114,125,132,142,148,152,157,157,155,155,156,155,153,154,147,139,131,123,113,107,101,99,94,91,88,87,84,78,73,63,57,51,44,40,36,32,25,,,,,,,,,,,,,
68,90,105,108,113,113,113,122,130,137,148,155,159,163,163,163,159,160,155,147,142,137,131,126,119,110,102,95,90,87,84,76,67,61,57,48,44,36,34,29,27,,,,,,,,,,,,,,,,
73,82,91,91,97,100,107,109,116,125,135,135,142,149,153,152,153,148,143,138,137,131,129,123,116,110,103,98,94,89,84,80,77,69,66,58,54,46,42,33,31,27,,,,,,,,,,,,,,,
27,58,58,83,106,115,119,121,121,122,126,135,142,148,155,159,158,158,152,152,148,142,136,127,124,118,114,109,105,98,94,93,88,85,79,68,62,56,52,44,40,36,31,27,,,,,,,,,,,,,
86,86,99,106,115,120,128,128,140,148,156,159,161,160,161,154,148,146,140,133,133,131,125,118,117,113,107,101,87,80,71,63,55,49,43,39,37,35,35,33,33,31,29,,,,,,,,,,,,,,
30,51,72,88,97,97,109,116,124,130,135,139,144,144,144,146,148,148,147,146,142,133,131,125,117,112,103,99,93,88,83,82,77,73,66,64,57,55,45,43,37,33,27,25,,,,,,,,,,,,,
62,62,84,97,105,113,113,119,126,135,141,146,153,154,154,156,160,156,154,152,150,145,142,136,129,126,119,112,104,98,93,90,85,77,72,64,58,52,46,42,38,31,29,,,,,,,,,,,,,,
48,69,85,99,109,109,117,129,137,145,154,160,160,160,164,164,161,161,157,154,150,149,138,136,128,123,116,112,107,105,100,95,92,86,81,77,69,61,48,41,37,30,28,,,,,,,,,,,,,,
43,66,85,96,102,102,109,113,121,128,137,143,153,153,156,158,161,160,158,159,154,148,145,139,131,127,121,112,105,97,94,89,85,80,76,70,66,54,47,43,39,34,28,23,,,,,,,,,,,,,
47,47,71,86,98,106,106,112,123,130,136,146,152,158,163,163,168,166,166,160,155,150,143,134,132,125,120,114,108,102,97,92,87,83,76,62,57,49,43,36,32,27,,,,,,,,,,,,,,,
57,77,88,98,105,105,115,123,129,141,147,152,152,159,161,157,155,151,144,140,135,130,128,124,117,114,108,104,98,93,87,82,74,69,61,55,47,45,39,37,31,29,,,,,,,,,,,,,,,
48,48,73,91,104,111,119,119,128,134,141,148,150,152,152,156,156,150,150,145,140,135,132,125,122,117,111,107,101,99,96,93,87,81,74,71,63,53,49,43,41,33,31,24,,,,,,,,,,,,,
25,47,47,69,84,96,103,103,110,118,127,134,144,155,162,162,163,167,164,160,157,153,146,145,138,131,125,118,109,103,94,90,85,78,74,67,61,53,49,43,39,35,33,29,27,,,,,,,,,,,,
31,56,74,89,98,98,106,117,127,135,147,155,160,160,166,164,164,163,161,157,153,146,138,129,121,114,112,106,102,97,95,90,87,81,74,66,58,52,48,40,38,33,31,25,,,,,,,,,,,,,
41,71,95,110,118,129,129,129,140,142,146,154,157,159,161,160,158,158,156,151,145,142,133,125,120,113,107,101,96,90,84,78,74,71,65,61,55,50,46,42,38,34,29,27,,,,,,,,,,,,,
34,58,58,78,91,102,111,123,123,134,141,150,152,152,154,153,151,150,150,148,146,145,142,137,135,131,126,119,109,103,99,94,87,84,78,67,61,55,51,46,40,34,29,25,,,,,,,,,,,,,
38,38,57,77,89,97,106,106,115,124,132,145,152,152,153,153,150,147,147,147,142,142,138,131,127,120,113,108,102,98,89,84,77,72,64,58,53,49,41,37,28,26,,,,,,,,,,,,,,,
27,27,52,72,88,97,105,105,115,124,131,142,149,155,155,158,158,155,156,151,146,141,135,131,126,121,115,111,102,100,93,89,82,81,75,70,62,59,51,47,41,39,33,31,26,,,,,,,,,,,,
54,73,90,104,104,113,124,130,132,135,136,136,137,142,145,148,150,148,143,139,133,128,124,118,111,107,102,96,95,88,87,80,79,72,66,59,55,47,43,37,35,31,29,,,,,,,,,,,,,,
87,105,114,119,119,123,124,128,129,133,136,136,140,146,148,154,153,150,148,141,134,128,122,118,110,105,97,94,88,83,75,70,64,61,53,49,41,39,33,31,27,,,,,,,,,,,,,,,,
35,61,61,81,96,105,113,121,121,133,141,147,156,159,161,166,167,163,163,161,154,146,145,139,136,131,125,118,110,106,99,94,84,81,73,67,61,57,51,44,40,36,34,29,25,,,,,,,,,,,,
39,65,65,83,99,109,114,121,121,126,131,139,143,147,151,154,154,153,153,153,149,150,144,141,135,131,120,115,107,101,98,91,88,79,73,67,61,57,51,45,38,34,30,25,,,,,,,,,,,,,
29,29,50,72,86,96,96,104,111,120,130,140,148,148,156,158,159,160,158,155,153,146,140,137,131,125,124,117,109,105,100,96,91,86,78,70,62,56,50,42,38,33,31,27,,,,,,,,,,,,,
58,58,77,90,96,99,102,102,107,114,121,131,138,145,153,155,155,155,157,156,153,154,148,138,135,127,120,111,105,97,88,79,72,68,61,55,51,45,41,35,33,29,27,,,,,,,,,,,,,,
23,23,46,73,91,101,101,109,112,122,129,137,142,142,147,148,151,151,149,149,144,142,139,134,127,124,120,117,111,109,103,101,94,87,82,77,73,66,60,52,50,42,37,31,27,,,,,,,,,,,,
20,36,36,59,75,87,96,96,102,113,121,130,138,142,142,145,148,149,150,150,147,144,141,138,132,128,122,117,112,104,98,96,91,86,83,76,72,63,57,47,43,37,33,29,29,,,,,,,,,,,,
66,82,94,101,101,103,111,116,123,132,139,139,145,152,153,151,151,147,144,141,137,130,124,118,111,106,100,96,91,89,82,79,73,70,64,58,51,45,39,37,35,30,26,,,,,,,,,,,,,,
23,23,46,68,86,92,92,96,101,106,111,120,120,126,130,132,131,128,128,125,123,120,118,118,117,118,116,112,109,104,98,93,87,80,78,71,66,62,57,54,50,46,45,41,39,35,29,25,,,,,,,,,
32,52,52,70,83,91,97,107,107,114,121,129,134,140,146,146,150,151,153,151,147,144,138,130,127,121,115,110,106,101,97,92,88,85,78,72,61,56,46,42,34,32,26,24,,,,,,,,,,,,,
21,47,47,70,86,95,99,99,103,108,114,118,128,132,132,133,136,136,135,135,133,130,132,128,119,115,111,103,96,92,92,88,85,79,76,67,60,55,50,44,38,37,33,29,27,,,,,,,,,,,,
20,20,40,62,76,76,87,95,101,110,114,114,120,125,131,133,137,137,138,138,142,141,138,134,128,123,116,114,106,104,97,94,90,85,81,76,71,66,63,57,54,48,43,39,35,31,25,24,,,,,,,,,
31,52,71,81,87,87,96,103,113,121,127,127,133,138,140,143,146,145,144,146,146,144,139,134,126,119,115,108,103,99,93,87,82,74,69,61,58,52,51,49,49,49,47,45,44,38,32,24,20,,,,,,,,
34,34,58,80,88,94,102,102,108,118,125,131,133,138,138,139,139,142,141,137,136,132,126,122,116,112,107,104,96,94,88,83,79,72,71,63,60,53,51,45,41,36,34,28,26,,,,,,,,,,,,
23,23,47,68,85,96,96,99,107,112,118,129,129,134,141,146,147,147,148,145,142,139,133,133,128,123,117,113,110,103,95,91,85,80,75,70,65,58,54,47,41,35,31,29,26,,,,,,,,,,,,
21,21,36,55,67,75,75,82,89,96,105,111,111,115,123,127,132,138,143,144,144,147,146,143,141,135,131,125,121,112,107,100,94,90,85,81,78,73,69,62,57,51,47,41,36,32,30,26,,,,,,,,,
19,19,35,63,83,93,93,102,108,117,125,131,131,136,142,145,145,149,149,147,146,141,141,134,131,126,120,119,117,112,106,103,95,89,82,79,74,67,61,55,52,46,42,36,32,28,26,,,,,,,,,,
59,76,89,101,114,114,122,128,135,140,145,147,150,150,147,149,143,142,140,132,129,124,120,115,114,109,102,98,93,85,82,75,72,67,61,56,48,44,40,34,30,26,,,,,,,,,,,,,,,
38,38,63,78,92,99,99,111,120,129,141,146,151,151,156,155,155,154,149,143,142,140,135,132,124,118,113,106,102,98,95,87,84,79,76,70,62,57,53,49,43,39,33,31,27,,,,,,,,,,,,
35,58,58,76,89,94,103,107,107,115,122,130,136,142,148,149,154,154,152,151,149,142,136,133,125,119,114,109,100,92,83,75,70,62,57,51,45,43,42,38,34,30,30,,,,,,,,,,,,,,
29,29,59,85,104,109,109,113,116,117,118,122,125,125,130,137,141,146,149,147,142,140,132,127,122,118,110,108,103,99,93,90,83,80,74,70,65,59,54,46,44,40,38,34,30,28,,,,,,,,,,,
26,26,50,70,84,94,102,102,109,116,124,131,140,145,145,143,142,138,136,135,134,132,130,124,120,114,110,103,99,93,87,87,78,73,66,63,56,52,47,43,37,33,29,26,,,,,,,,,,,,,
22,43,64,80,89,89,92,95,99,105,105,110,117,124,128,135,141,144,144,150,148,144,141,137,129,128,122,116,111,108,106,103,98,90,84,75,68,63,55,51,48,44,40,36,30,26,,,,,,,,,,,
58,81,99,112,120,120,127,131,135,142,146,147,147,152,155,154,153,149,144,140,133,126,120,114,107,101,91,85,78,75,68,64,61,59,56,50,44,40,34,32,26,24,,,,,,,,,,,,,,,
30,54,54,75,91,99,103,111,111,117,122,130,134,139,144,144,149,148,149,145,139,135,130,127,130,124,122,115,108,101,97,94,90,85,80,73,67,58,54,44,42,34,34,28,28,,,,,,,,,,,,
58,58,78,90,99,107,116,116,123,128,134,136,140,143,143,145,144,144,144,139,139,130,124,121,114,110,106,101,95,91,86,78,73,67,62,55,49,45,41,37,36,32,28,24,,,,,,,,,,,,,
37,61,61,79,89,97,101,101,110,117,124,130,135,139,139,146,148,149,145,143,139,139,136,132,132,126,121,116,111,106,104,98,93,88,86,79,73,66,58,52,44,40,36,32,30,22,,,,,,,,,,,
29,29,57,79,95,102,102,105,109,114,119,127,130,130,138,142,144,143,142,138,132,131,127,123,123,120,114,111,107,107,102,100,94,91,77,70,67,61,56,48,46,42,36,32,28,28,,,,,,,,,,,
22,22,48,73,89,95,95,97,102,104,111,119,119,127,135,144,150,152,154,151,147,147,145,138,132,127,120,110,107,102,99,94,93,90,88,85,80,78,71,66,60,52,46,40,36,30,28,,,,,,,,,,
32,59,59,85,103,114,120,120,122,126,127,130,137,139,142,142,146,146,144,145,142,137,134,129,126,123,119,110,107,101,93,87,82,79,74,67,61,57,50,46,40,38,32,30,24,,,,,,,,,,,,
23,44,44,64,75,86,92,92,102,111,119,125,131,131,137,138,142,142,141,142,141,136,137,132,129,122,122,118,108,105,98,94,90,85,80,76,69,63,56,52,45,41,35,31,31,28,24,,,,,,,,,,
41,69,91,104,113,113,120,123,133,139,146,154,154,159,162,166,166,163,163,159,153,150,142,139,131,127,116,111,103,94,89,80,75,67,63,57,51,45,41,39,37,33,31,29,,,,,,,,,,,,,
39,61,82,94,104,115,115,123,131,138,143,145,149,150,150,151,152,149,146,144,141,135,133,126,121,118,111,105,101,97,92,87,84,79,73,65,58,54,45,41,33,31,27,,,,,,,,,,,,,,
38,63,63,81,92,100,104,110,110,117,125,136,146,153,162,166,166,166,165,158,152,144,135,128,123,119,112,106,100,94,93,88,85,80,77,73,70,66,60,52,46,35,27,25,,,,,,,,,,,,,
44,70,90,102,102,111,119,125,129,134,140,140,140,148,148,148,149,146,142,140,136,134,130,128,122,120,115,111,107,103,101,96,87,80,72,66,58,54,48,42,37,35,33,29,23,,,,,,,,,,,,
36,36,58,76,91,101,110,110,116,122,126,133,137,143,149,149,153,151,149,146,144,145,141,137,135,129,121,116,108,100,94,91,86,79,71,65,60,54,50,48,44,39,35,31,29,,,,,,,,,,,,
23,48,48,67,81,90,99,112,112,126,136,143,149,153,154,158,158,158,154,151,146,138,133,126,120,113,108,102,98,96,93,93,88,83,80,74,69,61,53,47,41,37,31,27,,,,,,,,,,,,,
35,61,61,78,92,101,107,107,115,121,126,133,138,142,145,145,146,145,144,142,138,139,131,124,120,115,110,105,99,93,90,86,81,78,74,71,64,60,52,48,40,40,32,28,22,,,,,,,,,,,,
48,48,76,93,105,113,113,119,124,131,133,135,140,140,142,141,144,142,139,138,134,130,128,126,122,118,111,104,98,92,88,83,78,73,68,63,57,53,48,42,36,32,28,26,,,,,,,,,,,,,
28,28,53,80,100,109,109,115,119,122,127,129,129,129,132,132,135,139,139,139,140,137,131,130,126,122,120,113,104,100,95,90,85,83,76,70,67,61,58,50,46,42,38,34,30,26,,,,,,,,,,,
24,42,42,59,76,93,110,110,127,139,146,152,151,148,148,147,144,143,143,143,139,138,134,127,125,121,114,107,100,92,86,79,72,67,58,56,49,47,41,41,38,36,34,30,26,,,,,,,,,,,,
28,52,52,74,88,99,106,110,110,120,124,132,140,148,150,150,154,157,156,152,144,136,133,125,121,117,110,101,98,93,89,84,82,79,73,68,63,57,53,46,42,36,34,32,26,24,,,,,,,,,,,
35,35,57,79,92,101,101,109,119,126,131,137,137,143,147,155,159,158,158,152,148,142,135,126,122,119,114,109,103,97,93,85,80,72,67,58,52,46,42,38,34,28,26,,,,,,,,,,,,,,
40,66,66,88,98,102,102,104,104,109,113,118,125,133,139,148,148,150,149,148,142,134,134,129,124,120,113,105,97,95,89,86,80,75,67,64,59,53,45,40,36,30,28,,,,,,,,,,,,,,
61,61,79,87,92,98,103,103,115,122,131,139,146,148,148,152,147,140,137,128,121,117,112,105,102,101,97,95,93,90,86,83,77,74,67,65,58,54,49,47,41,39,35,32,26,22,,,,,,,,,,,
24,45,45,66,82,92,97,97,105,109,116,121,125,125,127,132,133,135,138,138,135,133,127,127,124,120,118,116,111,107,98,96,88,84,81,76,71,64,59,54,50,46,41,35,31,27,25,,,,,,,,,,
30,48,48,69,78,84,93,93,99,107,112,119,123,123,133,136,138,141,140,136,133,127,124,120,120,116,114,114,110,105,100,93,87,84,80,75,69,62,53,49,44,40,35,33,29,23,,,,,,,,,,,
33,57,57,73,82,86,91,91,98,106,116,128,135,135,139,143,144,144,144,138,133,128,128,125,119,120,115,111,108,103,96,92,86,76,66,59,54,47,41,36,32,27,28,,,,,,,,,,,,,,
20,39,39,60,78,87,87,94,101,108,114,124,124,128,131,135,136,138,137,135,130,130,128,124,117,113,111,106,105,100,97,91,87,80,75,65,60,53,48,45,39,36,32,28,23,,,,,,,,,,,,
22,42,42,62,79,88,88,95,104,109,115,121,121,122,124,125,128,127,130,130,130,130,131,128,126,123,119,115,110,105,97,91,86,81,79,72,66,61,54,50,47,43,40,38,34,34,30,27,19,,,,,,,,
24,46,46,69,86,95,106,106,112,118,123,127,129,129,135,134,136,137,135,129,130,125,122,117,117,113,105,104,97,92,90,88,85,83,82,75,69,62,56,51,44,38,35,31,29,25,,,,,,,,,,,
71,86,90,96,96,101,108,113,121,127,127,134,140,143,144,148,144,140,132,125,125,118,114,108,104,99,95,90,87,80,75,70,66,61,57,54,49,45,42,38,34,29,29,,,,,,,,,,,,,,
32,32,52,68,79,79,90,98,108,117,124,124,135,143,150,158,163,165,170,171,171,171,174,173,168,165,158,151,144,137,125,121,111,108,96,89,79,73,67,61,52,43,41,37,32,26,,,,,,,,,,,
50,70,88,99,111,111,118,125,133,139,145,151,155,156,156,159,156,153,152,144,138,134,130,124,121,111,106,99,97,88,85,77,74,64,56,50,46,33,31,27,,,,,,,,,,,,,,,,,
49,49,71,87,99,104,115,115,120,129,136,142,148,153,157,157,157,158,156,155,155,151,147,145,140,134,131,124,115,111,104,100,93,87,82,74,62,56,47,41,36,34,30,30,,,,,,,,,,,,,
28,28,54,73,86,100,100,106,115,124,129,138,146,154,154,157,164,165,162,161,159,154,151,147,140,134,127,116,106,98,93,88,81,76,68,60,50,48,42,40,33,33,29,,,,,,,,,,,,,,
32,59,59,80,93,102,109,116,116,128,139,148,157,161,164,169,170,170,165,166,161,157,153,152,144,142,134,125,115,107,103,96,93,85,74,68,60,51,45,38,36,30,25,,,,,,,,,,,,,,
63,81,90,98,98,107,115,126,131,137,144,149,149,155,162,162,162,164,163,158,157,151,144,139,128,117,110,105,97,92,84,81,73,65,57,53,47,36,34,29,25,,,,,,,,,,,,,,,,
34,34,53,73,82,91,91,97,104,112,122,132,141,152,152,159,162,168,165,162,158,153,143,140,131,121,116,107,101,93,90,83,76,68,62,59,55,51,49,43,41,39,35,31,29,,,,,,,,,,,,
52,73,88,94,101,111,111,122,132,143,147,152,155,158,158,152,151,144,137,131,127,121,120,118,111,104,96,90,86,81,74,69,64,58,55,47,45,39,38,32,30,26,,,,,,,,,,,,,,,
27,27,46,63,80,94,94,101,108,112,117,117,126,134,141,149,153,154,153,151,147,147,144,139,134,131,124,118,111,104,100,98,96,89,88,81,78,71,66,58,52,46,40,36,32,28,,,,,,,,,,,
69,90,104,112,112,120,125,130,132,135,139,139,140,148,150,151,150,147,140,135,129,121,117,112,107,101,97,94,94,87,84,81,76,70,65,61,53,49,43,39,35,29,27,,,,,,,,,,,,,,
41,62,62,82,93,102,108,113,113,118,126,131,135,139,141,142,142,145,143,141,142,138,132,130,123,120,116,112,105,101,97,88,83,76,71,66,60,54,48,42,38,34,30,26,,,,,,,,,,,,,
23,23,45,67,82,89,94,94,97,102,108,111,114,114,120,127,133,141,143,145,146,146,141,141,141,135,126,124,116,111,103,99,91,86,80,75,69,64,57,53,45,42,38,34,30,26,,,,,,,,,,,
22,22,42,64,80,88,88,93,98,104,110,117,117,123,126,129,130,133,139,142,143,142,142,141,137,136,131,126,120,112,103,100,92,84,75,68,61,56,48,43,39,35,35,31,31,29,27,,,,,,,,,,
32,55,55,74,87,95,103,103,113,123,130,140,146,150,153,153,152,148,145,141,139,135,130,123,119,113,110,108,103,97,93,88,82,79,74,68,61,55,48,44,40,34,32,26,28,,,,,,,,,,,,
38,38,62,83,92,99,99,103,108,112,118,123,129,129,135,140,143,149,148,147,149,147,145,144,141,134,132,126,117,112,106,100,96,91,86,83,75,70,62,58,52,46,39,35,33,29,25,,,,,,,,,,
44,71,89,101,110,110,118,125,136,144,150,161,166,166,169,174,174,174,176,173,166,161,156,146,144,135,130,122,113,108,96,88,84,78,72,65,61,54,47,43,38,33,26,,,,,,,,,,,,,,
31,31,54,77,94,105,116,121,121,128,137,144,146,152,153,159,163,164,162,162,157,148,143,137,126,121,113,105,100,93,85,78,72,70,64,58,52,45,41,37,34,30,26,,,,,,,,,,,,,,
37,37,58,74,85,92,102,102,112,124,137,144,150,157,159,158,158,160,158,157,157,155,150,151,144,136,129,124,117,110,104,99,94,84,77,71,63,58,52,48,41,39,35,30,26,,,,,,,,,,,,
22,42,42,64,80,86,98,103,113,113,124,131,136,141,145,145,149,153,154,156,154,151,150,147,143,139,131,125,120,116,107,102,95,87,84,76,70,59,55,46,41,37,35,32,26,,,,,,,,,,,,
47,72,88,97,105,114,126,126,140,151,159,167,170,169,172,169,163,160,153,146,142,134,128,122,117,108,102,97,92,88,83,79,75,71,65,59,52,46,41,32,30,,,,,,,,,,,,,,,,
21,44,65,65,85,97,111,120,129,129,138,141,144,149,151,155,160,162,159,161,154,146,140,134,124,119,111,105,96,91,88,85,79,73,70,61,55,51,45,40,34,32,27,,,,,,,,,,,,,,
32,59,59,82,97,103,109,113,113,117,124,128,132,137,141,146,152,152,151,149,149,145,134,130,123,118,113,109,103,99,95,90,87,80,76,71,65,59,53,43,41,35,33,29,27,,,,,,,,,,,,
47,68,86,96,102,106,106,111,117,125,131,136,142,145,144,144,146,140,139,136,137,133,136,133,130,124,119,110,106,99,93,90,83,75,67,58,54,43,39,33,33,27,23,,,,,,,,,,,,,,
28,28,50,70,85,95,101,101,110,116,128,142,153,161,167,167,168,163,159,152,145,137,131,123,119,114,108,104,98,92,87,82,77,74,66,60,55,51,43,39,35,35,31,26,,,,,,,,,,,,,
77,94,101,108,108,113,118,126,133,141,155,160,167,167,171,171,164,163,152,144,139,135,129,123,118,108,102,93,88,84,81,76,72,64,60,51,47,38,34,28,25,,,,,,,,,,,,,,,,
26,50,72,72,88,102,110,116,122,122,125,128,134,139,144,150,148,142,143,142,139,138,136,132,127,123,117,112,106,99,94,87,80,74,66,58,54,46,42,36,34,31,27,,,,,,,,,,,,,,
24,24,48,72,86,98,98,105,111,117,125,130,141,144,144,143,145,142,142,141,142,140,140,135,129,125,120,115,111,105,101,99,92,85,77,72,64,58,52,46,42,37,35,29,25,,,,,,,,,,,,
29,49,68,68,80,89,92,99,106,106,113,117,122,126,127,132,134,132,132,136,135,134,136,133,131,127,124,118,111,105,96,91,83,78,71,65,58,54,50,46,42,36,32,28,26,,,,,,,,,,,,
36,57,57,76,85,95,104,112,112,118,125,127,131,135,138,138,138,144,142,144,143,142,138,135,133,126,123,116,111,105,97,93,88,79,74,70,67,59,53,49,45,41,35,31,29,,,,,,,,,,,,
21,36,36,57,74,85,95,105,105,114,124,128,130,137,139,143,143,146,148,145,145,141,135,132,125,119,118,111,106,100,98,89,85,80,75,69,62,54,48,40,38,32,30,26,,,,,,,,,,,,,
30,55,55,79,95,107,114,119,119,124,127,132,140,147,151,158,156,156,152,148,143,137,133,130,124,119,114,105,101,97,94,90,85,80,76,71,65,61,55,49,43,35,29,,,,,,,,,,,,,,
44,63,63,78,84,87,93,98,98,106,117,127,135,144,150,151,151,147,147,142,142,136,131,127,121,117,108,103,95,92,84,79,72,68,61,57,52,50,46,40,38,34,32,26,22,,,,,,,,,,,,
41,63,63,84,99,107,115,119,119,125,134,140,144,145,146,142,144,140,140,140,137,132,127,125,117,112,107,105,99,98,92,85,78,73,68,62,56,50,38,37,30,28,,,,,,,,,,,,,,,
26,26,54,78,94,104,104,110,116,123,128,133,141,141,148,150,154,153,151,151,150,146,144,141,135,133,129,120,115,107,105,99,96,87,84,76,70,65,59,52,46,40,36,34,29,25,,,,,,,,,,,
36,36,60,79,92,101,109,109,118,122,126,132,136,142,148,154,154,155,159,156,153,149,143,134,128,122,115,109,103,97,94,92,86,83,76,72,66,60,52,42,40,36,31,27,,,,,,,,,,,,,
25,50,50,69,86,94,101,101,111,119,127,136,144,151,159,161,161,162,162,160,154,150,139,132,126,122,117,112,106,98,95,88,83,78,75,69,63,55,49,43,41,35,35,33,27,25,,,,,,,,,,,
33,56,56,76,88,99,104,110,110,118,126,131,140,143,150,156,156,159,157,157,153,148,143,137,130,125,120,110,106,100,95,90,85,80,79,71,66,60,54,50,44,35,31,25,,,,,,,,,,,,,
33,33,58,77,93,103,103,109,118,124,130,139,143,150,150,155,159,159,161,157,152,148,142,135,131,127,120,113,109,103,101,94,91,86,78,68,62,54,50,42,40,33,31,25,,,,,,,,,,,,,
22,46,46,68,86,100,107,113,113,116,121,128,139,146,159,165,165,171,173,170,162,157,148,142,136,130,124,119,113,105,101,96,89,86,78,73,65,59,48,42,42,38,36,29,25,,,,,,,,,,,,
50,50,71,89,96,104,104,112,122,134,147,152,155,156,156,156,156,158,157,154,153,148,139,134,126,117,111,102,95,87,83,78,73,67,61,57,51,50,46,44,39,37,33,31,27,,,,,,,,,,,,
37,37,56,71,82,88,88,99,106,113,123,126,134,134,138,143,144,149,148,145,140,133,127,123,115,109,102,,,,,,,,,,,,,,,,,,,,,,,,,,,,,,
